
 /----------------------------------------------------------------------------\
 |                                                                            |
 |  yosys -- Yosys Open SYnthesis Suite                                       |
 |                                                                            |
 |  Copyright (C) 2012 - 2019  Clifford Wolf <clifford@clifford.at>           |
 |                                                                            |
 |  Permission to use, copy, modify, and/or distribute this software for any  |
 |  purpose with or without fee is hereby granted, provided that the above    |
 |  copyright notice and this permission notice appear in all copies.         |
 |                                                                            |
 |  THE SOFTWARE IS PROVIDED "AS IS" AND THE AUTHOR DISCLAIMS ALL WARRANTIES  |
 |  WITH REGARD TO THIS SOFTWARE INCLUDING ALL IMPLIED WARRANTIES OF          |
 |  MERCHANTABILITY AND FITNESS. IN NO EVENT SHALL THE AUTHOR BE LIABLE FOR   |
 |  ANY SPECIAL, DIRECT, INDIRECT, OR CONSEQUENTIAL DAMAGES OR ANY DAMAGES    |
 |  WHATSOEVER RESULTING FROM LOSS OF USE, DATA OR PROFITS, WHETHER IN AN     |
 |  ACTION OF CONTRACT, NEGLIGENCE OR OTHER TORTIOUS ACTION, ARISING OUT OF   |
 |  OR IN CONNECTION WITH THE USE OR PERFORMANCE OF THIS SOFTWARE.            |
 |                                                                            |
 \----------------------------------------------------------------------------/

 Yosys 0.9 (git sha1 1979e0b)


-- Running command `
read_verilog -sv src/aes_sbox_shared.v                  src/sub_bytes_shared.v                  src/shift_rows_shared.v                  src/mix_columns_shared.v                  src/key_expand_shared.v                  src/aes_core_bidirectional.v                  src/axi4_lite_slave.v                  src/aes_soc_top.v
hierarchy -check -top aes_soc_top
proc; opt; fsm; opt; memory; opt
techmap; opt
stat
write_verilog outputs/aes_soc_netlist.v
' --

1. Executing Verilog-2005 frontend: src/aes_sbox_shared.v
Parsing SystemVerilog input from `src/aes_sbox_shared.v' to AST representation.
Generating RTLIL representation for module `\aes_sbox_shared'.
Generating RTLIL representation for module `\gf_inv_shared'.
Successfully finished Verilog frontend.

2. Executing Verilog-2005 frontend: src/sub_bytes_shared.v
Parsing SystemVerilog input from `src/sub_bytes_shared.v' to AST representation.
Generating RTLIL representation for module `\sub_bytes_shared'.
Successfully finished Verilog frontend.

3. Executing Verilog-2005 frontend: src/shift_rows_shared.v
Parsing SystemVerilog input from `src/shift_rows_shared.v' to AST representation.
Generating RTLIL representation for module `\shift_rows_shared'.
Successfully finished Verilog frontend.

4. Executing Verilog-2005 frontend: src/mix_columns_shared.v
Parsing SystemVerilog input from `src/mix_columns_shared.v' to AST representation.
Generating RTLIL representation for module `\mix_columns_shared'.
Generating RTLIL representation for module `\mix_single_column_shared'.
Successfully finished Verilog frontend.

5. Executing Verilog-2005 frontend: src/key_expand_shared.v
Parsing SystemVerilog input from `src/key_expand_shared.v' to AST representation.
Generating RTLIL representation for module `\key_expand_shared'.
Generating RTLIL representation for module `\key_expand_step'.
Successfully finished Verilog frontend.

6. Executing Verilog-2005 frontend: src/aes_core_bidirectional.v
Parsing SystemVerilog input from `src/aes_core_bidirectional.v' to AST representation.
Generating RTLIL representation for module `\aes_core_bidirectional'.
src/aes_core_bidirectional.v:130: Warning: Identifier `\u_key_exp.next_k10' is implicitly declared.
Successfully finished Verilog frontend.

7. Executing Verilog-2005 frontend: src/axi4_lite_slave.v
Parsing SystemVerilog input from `src/axi4_lite_slave.v' to AST representation.
Generating RTLIL representation for module `\axi4_lite_slave'.
Successfully finished Verilog frontend.

8. Executing Verilog-2005 frontend: src/aes_soc_top.v
Parsing SystemVerilog input from `src/aes_soc_top.v' to AST representation.
Generating RTLIL representation for module `\aes_soc_top'.
Successfully finished Verilog frontend.

9. Executing HIERARCHY pass (managing design hierarchy).

9.1. Analyzing design hierarchy..
Top module:  \aes_soc_top
Used module:     \aes_core_bidirectional
Used module:         \mix_columns_shared
Used module:             \mix_single_column_shared
Used module:         \shift_rows_shared
Used module:         \sub_bytes_shared
Used module:             \aes_sbox_shared
Used module:                 \gf_inv_shared
Used module:         \key_expand_shared
Used module:             \key_expand_step
Used module:     \axi4_lite_slave

9.2. Analyzing design hierarchy..
Top module:  \aes_soc_top
Used module:     \aes_core_bidirectional
Used module:         \mix_columns_shared
Used module:             \mix_single_column_shared
Used module:         \shift_rows_shared
Used module:         \sub_bytes_shared
Used module:             \aes_sbox_shared
Used module:                 \gf_inv_shared
Used module:         \key_expand_shared
Used module:             \key_expand_step
Used module:     \axi4_lite_slave
Removed 0 unused modules.

10. Executing PROC pass (convert processes to netlists).

10.1. Executing PROC_CLEAN pass (remove empty switches from decision trees).
Cleaned up 0 empty switches.

10.2. Executing PROC_RMDEAD pass (remove dead branches from decision trees).
Marked 3 switch rules as full_case in process $proc$src/axi4_lite_slave.v:170$709 in module axi4_lite_slave.
Marked 1 switch rules as full_case in process $proc$src/axi4_lite_slave.v:93$695 in module axi4_lite_slave.
Marked 5 switch rules as full_case in process $proc$src/aes_core_bidirectional.v:90$684 in module aes_core_bidirectional.
Marked 1 switch rules as full_case in process $proc$src/key_expand_shared.v:62$668 in module key_expand_shared.
Marked 2 switch rules as full_case in process $proc$src/key_expand_shared.v:34$664 in module key_expand_shared.
Marked 1 switch rules as full_case in process $proc$src/mix_columns_shared.v:69$198 in module mix_single_column_shared.
Marked 1 switch rules as full_case in process $proc$src/shift_rows_shared.v:32$68 in module shift_rows_shared.
Removed 1 dead cases from process $proc$src/aes_sbox_shared.v:70$67 in module gf_inv_shared.
Marked 1 switch rules as full_case in process $proc$src/aes_sbox_shared.v:70$67 in module gf_inv_shared.
Removed a total of 1 dead cases.

10.3. Executing PROC_INIT pass (extract init attributes).

10.4. Executing PROC_ARST pass (detect async resets in processes).
Found async reset \aresetn in `\axi4_lite_slave.$proc$src/axi4_lite_slave.v:170$709'.
Found async reset \aresetn in `\axi4_lite_slave.$proc$src/axi4_lite_slave.v:93$695'.
Found async reset \rst_n in `\aes_core_bidirectional.$proc$src/aes_core_bidirectional.v:90$684'.
Found async reset \rst_n in `\key_expand_shared.$proc$src/key_expand_shared.v:34$664'.

10.5. Executing PROC_MUX pass (convert decision trees to multiplexers).
Creating decoders for process `\axi4_lite_slave.$proc$src/axi4_lite_slave.v:170$709'.
     1/4: $0\s_axi_rvalid[0:0]
     2/4: $0\s_axi_rresp[1:0]
     3/4: $0\s_axi_rdata[31:0]
     4/4: $0\s_axi_arready[0:0]
Creating decoders for process `\axi4_lite_slave.$proc$src/axi4_lite_slave.v:93$695'.
     1/19: $0\reg_ctrl[31:0] [31:4]
     2/19: $0\reg_ctrl[31:0] [2:1]
     3/19: $0\reg_ctrl[31:0] [0]
     4/19: $0\reg_ctrl[31:0] [3]
     5/19: $0\aw_done[0:0]
     6/19: $0\awaddr_reg[7:0]
     7/19: $0\reg_din3[31:0]
     8/19: $0\reg_din2[31:0]
     9/19: $0\reg_din1[31:0]
    10/19: $0\reg_din0[31:0]
    11/19: $0\reg_key3[31:0]
    12/19: $0\reg_key2[31:0]
    13/19: $0\reg_key1[31:0]
    14/19: $0\reg_key0[31:0]
    15/19: $0\w_done[0:0]
    16/19: $0\s_axi_bvalid[0:0]
    17/19: $0\s_axi_bresp[1:0]
    18/19: $0\s_axi_wready[0:0]
    19/19: $0\s_axi_awready[0:0]
Creating decoders for process `\aes_core_bidirectional.$proc$src/aes_core_bidirectional.v:90$684'.
     1/10: $0\load_key_pulse[0:0]
     2/10: $0\registered_mode[0:0]
     3/10: $0\registered_key[127:0]
     4/10: $0\data_out[127:0]
     5/10: $0\security_irq[0:0]
     6/10: $0\fault_detected[0:0]
     7/10: $0\busy[0:0]
     8/10: $0\done[0:0]
     9/10: $0\current_state[127:0]
    10/10: $0\round_num[3:0]
Creating decoders for process `\key_expand_shared.$proc$src/key_expand_shared.v:62$668'.
     1/2: $1\sel_rk[127:0]
     2/2: $0\sel_rk[127:0]
Creating decoders for process `\key_expand_shared.$proc$src/key_expand_shared.v:34$664'.
     1/11: $0\rk10[127:0]
     2/11: $0\rk9[127:0]
     3/11: $0\rk8[127:0]
     4/11: $0\rk7[127:0]
     5/11: $0\rk6[127:0]
     6/11: $0\rk5[127:0]
     7/11: $0\rk4[127:0]
     8/11: $0\rk3[127:0]
     9/11: $0\rk2[127:0]
    10/11: $0\rk0[127:0]
    11/11: $0\rk1[127:0]
Creating decoders for process `\mix_single_column_shared.$proc$src/mix_columns_shared.v:53$640'.
     1/9: $0$func$\mul14$src/mix_columns_shared.v:67$93$\mul14[7:0]$641
     2/9: $0$func$\mul14$src/mix_columns_shared.v:67$170$\mul14[7:0]$642
     3/9: $0$func$\xtime$src/mix_columns_shared.v:54$173$\xtime[7:0]$648
     4/9: $0$func$\xtime$src/mix_columns_shared.v:54$173$\b[7:0]$649
     5/9: $0$func$\xtime$src/mix_columns_shared.v:54$172$\xtime[7:0]$646
     6/9: $0$func$\xtime$src/mix_columns_shared.v:54$172$\b[7:0]$647
     7/9: $0$func$\xtime$src/mix_columns_shared.v:54$171$\xtime[7:0]$644
     8/9: $0$func$\xtime$src/mix_columns_shared.v:54$171$\b[7:0]$645
     9/9: $0$func$\mul14$src/mix_columns_shared.v:67$170$\b[7:0]$643
Creating decoders for process `\mix_single_column_shared.$proc$src/mix_columns_shared.v:41$617'.
     1/9: $0$func$\mul9$src/mix_columns_shared.v:67$92$\mul9[7:0]$618
     2/9: $0$func$\mul9$src/mix_columns_shared.v:67$166$\mul9[7:0]$619
     3/9: $0$func$\xtime$src/mix_columns_shared.v:42$169$\xtime[7:0]$625
     4/9: $0$func$\xtime$src/mix_columns_shared.v:42$169$\b[7:0]$626
     5/9: $0$func$\xtime$src/mix_columns_shared.v:42$168$\xtime[7:0]$623
     6/9: $0$func$\xtime$src/mix_columns_shared.v:42$168$\b[7:0]$624
     7/9: $0$func$\xtime$src/mix_columns_shared.v:42$167$\xtime[7:0]$621
     8/9: $0$func$\xtime$src/mix_columns_shared.v:42$167$\b[7:0]$622
     9/9: $0$func$\mul9$src/mix_columns_shared.v:67$166$\b[7:0]$620
Creating decoders for process `\mix_single_column_shared.$proc$src/mix_columns_shared.v:49$593'.
     1/9: $0$func$\mul13$src/mix_columns_shared.v:67$91$\mul13[7:0]$594
     2/9: $0$func$\mul13$src/mix_columns_shared.v:67$162$\mul13[7:0]$595
     3/9: $0$func$\xtime$src/mix_columns_shared.v:50$165$\xtime[7:0]$601
     4/9: $0$func$\xtime$src/mix_columns_shared.v:50$165$\b[7:0]$602
     5/9: $0$func$\xtime$src/mix_columns_shared.v:50$164$\xtime[7:0]$599
     6/9: $0$func$\xtime$src/mix_columns_shared.v:50$164$\b[7:0]$600
     7/9: $0$func$\xtime$src/mix_columns_shared.v:50$163$\xtime[7:0]$597
     8/9: $0$func$\xtime$src/mix_columns_shared.v:50$163$\b[7:0]$598
     9/9: $0$func$\mul13$src/mix_columns_shared.v:67$162$\b[7:0]$596
Creating decoders for process `\mix_single_column_shared.$proc$src/mix_columns_shared.v:45$569'.
     1/9: $0$func$\mul11$src/mix_columns_shared.v:67$90$\mul11[7:0]$570
     2/9: $0$func$\mul11$src/mix_columns_shared.v:67$158$\mul11[7:0]$571
     3/9: $0$func$\xtime$src/mix_columns_shared.v:46$161$\xtime[7:0]$577
     4/9: $0$func$\xtime$src/mix_columns_shared.v:46$161$\b[7:0]$578
     5/9: $0$func$\xtime$src/mix_columns_shared.v:46$160$\xtime[7:0]$575
     6/9: $0$func$\xtime$src/mix_columns_shared.v:46$160$\b[7:0]$576
     7/9: $0$func$\xtime$src/mix_columns_shared.v:46$159$\xtime[7:0]$573
     8/9: $0$func$\xtime$src/mix_columns_shared.v:46$159$\b[7:0]$574
     9/9: $0$func$\mul11$src/mix_columns_shared.v:67$158$\b[7:0]$572
Creating decoders for process `\mix_single_column_shared.$proc$src/mix_columns_shared.v:45$545'.
     1/9: $0$func$\mul11$src/mix_columns_shared.v:66$89$\mul11[7:0]$546
     2/9: $0$func$\mul11$src/mix_columns_shared.v:66$154$\mul11[7:0]$547
     3/9: $0$func$\xtime$src/mix_columns_shared.v:46$157$\xtime[7:0]$553
     4/9: $0$func$\xtime$src/mix_columns_shared.v:46$157$\b[7:0]$554
     5/9: $0$func$\xtime$src/mix_columns_shared.v:46$156$\xtime[7:0]$551
     6/9: $0$func$\xtime$src/mix_columns_shared.v:46$156$\b[7:0]$552
     7/9: $0$func$\xtime$src/mix_columns_shared.v:46$155$\xtime[7:0]$549
     8/9: $0$func$\xtime$src/mix_columns_shared.v:46$155$\b[7:0]$550
     9/9: $0$func$\mul11$src/mix_columns_shared.v:66$154$\b[7:0]$548
Creating decoders for process `\mix_single_column_shared.$proc$src/mix_columns_shared.v:53$521'.
     1/9: $0$func$\mul14$src/mix_columns_shared.v:66$88$\mul14[7:0]$522
     2/9: $0$func$\mul14$src/mix_columns_shared.v:66$150$\mul14[7:0]$523
     3/9: $0$func$\xtime$src/mix_columns_shared.v:54$153$\xtime[7:0]$529
     4/9: $0$func$\xtime$src/mix_columns_shared.v:54$153$\b[7:0]$530
     5/9: $0$func$\xtime$src/mix_columns_shared.v:54$152$\xtime[7:0]$527
     6/9: $0$func$\xtime$src/mix_columns_shared.v:54$152$\b[7:0]$528
     7/9: $0$func$\xtime$src/mix_columns_shared.v:54$151$\xtime[7:0]$525
     8/9: $0$func$\xtime$src/mix_columns_shared.v:54$151$\b[7:0]$526
     9/9: $0$func$\mul14$src/mix_columns_shared.v:66$150$\b[7:0]$524
Creating decoders for process `\mix_single_column_shared.$proc$src/mix_columns_shared.v:41$498'.
     1/9: $0$func$\mul9$src/mix_columns_shared.v:66$87$\mul9[7:0]$499
     2/9: $0$func$\mul9$src/mix_columns_shared.v:66$146$\mul9[7:0]$500
     3/9: $0$func$\xtime$src/mix_columns_shared.v:42$149$\xtime[7:0]$506
     4/9: $0$func$\xtime$src/mix_columns_shared.v:42$149$\b[7:0]$507
     5/9: $0$func$\xtime$src/mix_columns_shared.v:42$148$\xtime[7:0]$504
     6/9: $0$func$\xtime$src/mix_columns_shared.v:42$148$\b[7:0]$505
     7/9: $0$func$\xtime$src/mix_columns_shared.v:42$147$\xtime[7:0]$502
     8/9: $0$func$\xtime$src/mix_columns_shared.v:42$147$\b[7:0]$503
     9/9: $0$func$\mul9$src/mix_columns_shared.v:66$146$\b[7:0]$501
Creating decoders for process `\mix_single_column_shared.$proc$src/mix_columns_shared.v:49$474'.
     1/9: $0$func$\mul13$src/mix_columns_shared.v:66$86$\mul13[7:0]$475
     2/9: $0$func$\mul13$src/mix_columns_shared.v:66$142$\mul13[7:0]$476
     3/9: $0$func$\xtime$src/mix_columns_shared.v:50$145$\xtime[7:0]$482
     4/9: $0$func$\xtime$src/mix_columns_shared.v:50$145$\b[7:0]$483
     5/9: $0$func$\xtime$src/mix_columns_shared.v:50$144$\xtime[7:0]$480
     6/9: $0$func$\xtime$src/mix_columns_shared.v:50$144$\b[7:0]$481
     7/9: $0$func$\xtime$src/mix_columns_shared.v:50$143$\xtime[7:0]$478
     8/9: $0$func$\xtime$src/mix_columns_shared.v:50$143$\b[7:0]$479
     9/9: $0$func$\mul13$src/mix_columns_shared.v:66$142$\b[7:0]$477
Creating decoders for process `\mix_single_column_shared.$proc$src/mix_columns_shared.v:49$450'.
     1/9: $0$func$\mul13$src/mix_columns_shared.v:65$85$\mul13[7:0]$451
     2/9: $0$func$\mul13$src/mix_columns_shared.v:65$138$\mul13[7:0]$452
     3/9: $0$func$\xtime$src/mix_columns_shared.v:50$141$\xtime[7:0]$458
     4/9: $0$func$\xtime$src/mix_columns_shared.v:50$141$\b[7:0]$459
     5/9: $0$func$\xtime$src/mix_columns_shared.v:50$140$\xtime[7:0]$456
     6/9: $0$func$\xtime$src/mix_columns_shared.v:50$140$\b[7:0]$457
     7/9: $0$func$\xtime$src/mix_columns_shared.v:50$139$\xtime[7:0]$454
     8/9: $0$func$\xtime$src/mix_columns_shared.v:50$139$\b[7:0]$455
     9/9: $0$func$\mul13$src/mix_columns_shared.v:65$138$\b[7:0]$453
Creating decoders for process `\mix_single_column_shared.$proc$src/mix_columns_shared.v:45$426'.
     1/9: $0$func$\mul11$src/mix_columns_shared.v:65$84$\mul11[7:0]$427
     2/9: $0$func$\mul11$src/mix_columns_shared.v:65$134$\mul11[7:0]$428
     3/9: $0$func$\xtime$src/mix_columns_shared.v:46$137$\xtime[7:0]$434
     4/9: $0$func$\xtime$src/mix_columns_shared.v:46$137$\b[7:0]$435
     5/9: $0$func$\xtime$src/mix_columns_shared.v:46$136$\xtime[7:0]$432
     6/9: $0$func$\xtime$src/mix_columns_shared.v:46$136$\b[7:0]$433
     7/9: $0$func$\xtime$src/mix_columns_shared.v:46$135$\xtime[7:0]$430
     8/9: $0$func$\xtime$src/mix_columns_shared.v:46$135$\b[7:0]$431
     9/9: $0$func$\mul11$src/mix_columns_shared.v:65$134$\b[7:0]$429
Creating decoders for process `\mix_single_column_shared.$proc$src/mix_columns_shared.v:53$402'.
     1/9: $0$func$\mul14$src/mix_columns_shared.v:65$83$\mul14[7:0]$403
     2/9: $0$func$\mul14$src/mix_columns_shared.v:65$130$\mul14[7:0]$404
     3/9: $0$func$\xtime$src/mix_columns_shared.v:54$133$\xtime[7:0]$410
     4/9: $0$func$\xtime$src/mix_columns_shared.v:54$133$\b[7:0]$411
     5/9: $0$func$\xtime$src/mix_columns_shared.v:54$132$\xtime[7:0]$408
     6/9: $0$func$\xtime$src/mix_columns_shared.v:54$132$\b[7:0]$409
     7/9: $0$func$\xtime$src/mix_columns_shared.v:54$131$\xtime[7:0]$406
     8/9: $0$func$\xtime$src/mix_columns_shared.v:54$131$\b[7:0]$407
     9/9: $0$func$\mul14$src/mix_columns_shared.v:65$130$\b[7:0]$405
Creating decoders for process `\mix_single_column_shared.$proc$src/mix_columns_shared.v:41$379'.
     1/9: $0$func$\mul9$src/mix_columns_shared.v:65$82$\mul9[7:0]$380
     2/9: $0$func$\mul9$src/mix_columns_shared.v:65$126$\mul9[7:0]$381
     3/9: $0$func$\xtime$src/mix_columns_shared.v:42$129$\xtime[7:0]$387
     4/9: $0$func$\xtime$src/mix_columns_shared.v:42$129$\b[7:0]$388
     5/9: $0$func$\xtime$src/mix_columns_shared.v:42$128$\xtime[7:0]$385
     6/9: $0$func$\xtime$src/mix_columns_shared.v:42$128$\b[7:0]$386
     7/9: $0$func$\xtime$src/mix_columns_shared.v:42$127$\xtime[7:0]$383
     8/9: $0$func$\xtime$src/mix_columns_shared.v:42$127$\b[7:0]$384
     9/9: $0$func$\mul9$src/mix_columns_shared.v:65$126$\b[7:0]$382
Creating decoders for process `\mix_single_column_shared.$proc$src/mix_columns_shared.v:41$356'.
     1/9: $0$func$\mul9$src/mix_columns_shared.v:64$81$\mul9[7:0]$357
     2/9: $0$func$\mul9$src/mix_columns_shared.v:64$122$\mul9[7:0]$358
     3/9: $0$func$\xtime$src/mix_columns_shared.v:42$125$\xtime[7:0]$364
     4/9: $0$func$\xtime$src/mix_columns_shared.v:42$125$\b[7:0]$365
     5/9: $0$func$\xtime$src/mix_columns_shared.v:42$124$\xtime[7:0]$362
     6/9: $0$func$\xtime$src/mix_columns_shared.v:42$124$\b[7:0]$363
     7/9: $0$func$\xtime$src/mix_columns_shared.v:42$123$\xtime[7:0]$360
     8/9: $0$func$\xtime$src/mix_columns_shared.v:42$123$\b[7:0]$361
     9/9: $0$func$\mul9$src/mix_columns_shared.v:64$122$\b[7:0]$359
Creating decoders for process `\mix_single_column_shared.$proc$src/mix_columns_shared.v:49$332'.
     1/9: $0$func$\mul13$src/mix_columns_shared.v:64$80$\mul13[7:0]$333
     2/9: $0$func$\mul13$src/mix_columns_shared.v:64$118$\mul13[7:0]$334
     3/9: $0$func$\xtime$src/mix_columns_shared.v:50$121$\xtime[7:0]$340
     4/9: $0$func$\xtime$src/mix_columns_shared.v:50$121$\b[7:0]$341
     5/9: $0$func$\xtime$src/mix_columns_shared.v:50$120$\xtime[7:0]$338
     6/9: $0$func$\xtime$src/mix_columns_shared.v:50$120$\b[7:0]$339
     7/9: $0$func$\xtime$src/mix_columns_shared.v:50$119$\xtime[7:0]$336
     8/9: $0$func$\xtime$src/mix_columns_shared.v:50$119$\b[7:0]$337
     9/9: $0$func$\mul13$src/mix_columns_shared.v:64$118$\b[7:0]$335
Creating decoders for process `\mix_single_column_shared.$proc$src/mix_columns_shared.v:45$308'.
     1/9: $0$func$\mul11$src/mix_columns_shared.v:64$79$\mul11[7:0]$309
     2/9: $0$func$\mul11$src/mix_columns_shared.v:64$114$\mul11[7:0]$310
     3/9: $0$func$\xtime$src/mix_columns_shared.v:46$117$\xtime[7:0]$316
     4/9: $0$func$\xtime$src/mix_columns_shared.v:46$117$\b[7:0]$317
     5/9: $0$func$\xtime$src/mix_columns_shared.v:46$116$\xtime[7:0]$314
     6/9: $0$func$\xtime$src/mix_columns_shared.v:46$116$\b[7:0]$315
     7/9: $0$func$\xtime$src/mix_columns_shared.v:46$115$\xtime[7:0]$312
     8/9: $0$func$\xtime$src/mix_columns_shared.v:46$115$\b[7:0]$313
     9/9: $0$func$\mul11$src/mix_columns_shared.v:64$114$\b[7:0]$311
Creating decoders for process `\mix_single_column_shared.$proc$src/mix_columns_shared.v:53$284'.
     1/9: $0$func$\mul14$src/mix_columns_shared.v:64$78$\mul14[7:0]$285
     2/9: $0$func$\mul14$src/mix_columns_shared.v:64$110$\mul14[7:0]$286
     3/9: $0$func$\xtime$src/mix_columns_shared.v:54$113$\xtime[7:0]$292
     4/9: $0$func$\xtime$src/mix_columns_shared.v:54$113$\b[7:0]$293
     5/9: $0$func$\xtime$src/mix_columns_shared.v:54$112$\xtime[7:0]$290
     6/9: $0$func$\xtime$src/mix_columns_shared.v:54$112$\b[7:0]$291
     7/9: $0$func$\xtime$src/mix_columns_shared.v:54$111$\xtime[7:0]$288
     8/9: $0$func$\xtime$src/mix_columns_shared.v:54$111$\b[7:0]$289
     9/9: $0$func$\mul14$src/mix_columns_shared.v:64$110$\b[7:0]$287
Creating decoders for process `\mix_single_column_shared.$proc$src/mix_columns_shared.v:33$274'.
     1/5: $0$func$\mul2$src/mix_columns_shared.v:61$77$\mul2[7:0]$275
     2/5: $0$func$\mul2$src/mix_columns_shared.v:61$108$\mul2[7:0]$276
     3/5: $0$func$\xtime$src/mix_columns_shared.v:34$109$\xtime[7:0]$278
     4/5: $0$func$\xtime$src/mix_columns_shared.v:34$109$\b[7:0]$279
     5/5: $0$func$\mul2$src/mix_columns_shared.v:61$108$\b[7:0]$277
Creating decoders for process `\mix_single_column_shared.$proc$src/mix_columns_shared.v:37$263'.
     1/5: $0$func$\mul3$src/mix_columns_shared.v:61$76$\mul3[7:0]$264
     2/5: $0$func$\mul3$src/mix_columns_shared.v:61$106$\mul3[7:0]$265
     3/5: $0$func$\xtime$src/mix_columns_shared.v:38$107$\xtime[7:0]$267
     4/5: $0$func$\xtime$src/mix_columns_shared.v:38$107$\b[7:0]$268
     5/5: $0$func$\mul3$src/mix_columns_shared.v:61$106$\b[7:0]$266
Creating decoders for process `\mix_single_column_shared.$proc$src/mix_columns_shared.v:37$252'.
     1/5: $0$func$\mul3$src/mix_columns_shared.v:60$75$\mul3[7:0]$253
     2/5: $0$func$\mul3$src/mix_columns_shared.v:60$104$\mul3[7:0]$254
     3/5: $0$func$\xtime$src/mix_columns_shared.v:38$105$\xtime[7:0]$256
     4/5: $0$func$\xtime$src/mix_columns_shared.v:38$105$\b[7:0]$257
     5/5: $0$func$\mul3$src/mix_columns_shared.v:60$104$\b[7:0]$255
Creating decoders for process `\mix_single_column_shared.$proc$src/mix_columns_shared.v:33$242'.
     1/5: $0$func$\mul2$src/mix_columns_shared.v:60$74$\mul2[7:0]$243
     2/5: $0$func$\mul2$src/mix_columns_shared.v:60$102$\mul2[7:0]$244
     3/5: $0$func$\xtime$src/mix_columns_shared.v:34$103$\xtime[7:0]$246
     4/5: $0$func$\xtime$src/mix_columns_shared.v:34$103$\b[7:0]$247
     5/5: $0$func$\mul2$src/mix_columns_shared.v:60$102$\b[7:0]$245
Creating decoders for process `\mix_single_column_shared.$proc$src/mix_columns_shared.v:37$231'.
     1/5: $0$func$\mul3$src/mix_columns_shared.v:59$73$\mul3[7:0]$232
     2/5: $0$func$\mul3$src/mix_columns_shared.v:59$100$\mul3[7:0]$233
     3/5: $0$func$\xtime$src/mix_columns_shared.v:38$101$\xtime[7:0]$235
     4/5: $0$func$\xtime$src/mix_columns_shared.v:38$101$\b[7:0]$236
     5/5: $0$func$\mul3$src/mix_columns_shared.v:59$100$\b[7:0]$234
Creating decoders for process `\mix_single_column_shared.$proc$src/mix_columns_shared.v:33$221'.
     1/5: $0$func$\mul2$src/mix_columns_shared.v:59$72$\mul2[7:0]$222
     2/5: $0$func$\mul2$src/mix_columns_shared.v:59$98$\mul2[7:0]$223
     3/5: $0$func$\xtime$src/mix_columns_shared.v:34$99$\xtime[7:0]$225
     4/5: $0$func$\xtime$src/mix_columns_shared.v:34$99$\b[7:0]$226
     5/5: $0$func$\mul2$src/mix_columns_shared.v:59$98$\b[7:0]$224
Creating decoders for process `\mix_single_column_shared.$proc$src/mix_columns_shared.v:37$210'.
     1/5: $0$func$\mul3$src/mix_columns_shared.v:58$71$\mul3[7:0]$211
     2/5: $0$func$\mul3$src/mix_columns_shared.v:58$96$\mul3[7:0]$212
     3/5: $0$func$\xtime$src/mix_columns_shared.v:38$97$\xtime[7:0]$214
     4/5: $0$func$\xtime$src/mix_columns_shared.v:38$97$\b[7:0]$215
     5/5: $0$func$\mul3$src/mix_columns_shared.v:58$96$\b[7:0]$213
Creating decoders for process `\mix_single_column_shared.$proc$src/mix_columns_shared.v:33$200'.
     1/5: $0$func$\mul2$src/mix_columns_shared.v:58$70$\mul2[7:0]$201
     2/5: $0$func$\mul2$src/mix_columns_shared.v:58$94$\mul2[7:0]$202
     3/5: $0$func$\xtime$src/mix_columns_shared.v:34$95$\xtime[7:0]$204
     4/5: $0$func$\xtime$src/mix_columns_shared.v:34$95$\b[7:0]$205
     5/5: $0$func$\mul2$src/mix_columns_shared.v:58$94$\b[7:0]$203
Creating decoders for process `\mix_single_column_shared.$proc$src/mix_columns_shared.v:69$198'.
     1/2: $1\col_out[31:0]
     2/2: $0\col_out[31:0]
Creating decoders for process `\shift_rows_shared.$proc$src/shift_rows_shared.v:32$68'.
     1/17: $1\state_out[127:0] [7:0]
     2/17: $1\state_out[127:0] [39:32]
     3/17: $1\state_out[127:0] [71:64]
     4/17: $1\state_out[127:0] [103:96]
     5/17: $1\state_out[127:0] [15:8]
     6/17: $1\state_out[127:0] [47:40]
     7/17: $1\state_out[127:0] [79:72]
     8/17: $1\state_out[127:0] [111:104]
     9/17: $1\state_out[127:0] [23:16]
    10/17: $1\state_out[127:0] [55:48]
    11/17: $1\state_out[127:0] [87:80]
    12/17: $1\state_out[127:0] [119:112]
    13/17: $1\state_out[127:0] [31:24]
    14/17: $1\state_out[127:0] [63:56]
    15/17: $1\state_out[127:0] [95:88]
    16/17: $1\state_out[127:0] [127:120]
    17/17: $0\state_out[127:0]
Creating decoders for process `\gf_inv_shared.$proc$src/aes_sbox_shared.v:70$67'.
     1/2: $1\out_byte[7:0]
     2/2: $0\out_byte[7:0]

10.6. Executing PROC_DLATCH pass (convert process syncs to latches).
No latch inferred for signal `\key_expand_shared.\sel_rk' from process `\key_expand_shared.$proc$src/key_expand_shared.v:62$668'.
No latch inferred for signal `\mix_single_column_shared.$func$\mul14$src/mix_columns_shared.v:67$93$\mul14' from process `\mix_single_column_shared.$proc$src/mix_columns_shared.v:53$640'.
No latch inferred for signal `\mix_single_column_shared.$func$\mul14$src/mix_columns_shared.v:67$170$\mul14' from process `\mix_single_column_shared.$proc$src/mix_columns_shared.v:53$640'.
No latch inferred for signal `\mix_single_column_shared.$func$\mul14$src/mix_columns_shared.v:67$170$\b' from process `\mix_single_column_shared.$proc$src/mix_columns_shared.v:53$640'.
No latch inferred for signal `\mix_single_column_shared.$func$\xtime$src/mix_columns_shared.v:54$171$\xtime' from process `\mix_single_column_shared.$proc$src/mix_columns_shared.v:53$640'.
No latch inferred for signal `\mix_single_column_shared.$func$\xtime$src/mix_columns_shared.v:54$171$\b' from process `\mix_single_column_shared.$proc$src/mix_columns_shared.v:53$640'.
No latch inferred for signal `\mix_single_column_shared.$func$\xtime$src/mix_columns_shared.v:54$172$\xtime' from process `\mix_single_column_shared.$proc$src/mix_columns_shared.v:53$640'.
No latch inferred for signal `\mix_single_column_shared.$func$\xtime$src/mix_columns_shared.v:54$172$\b' from process `\mix_single_column_shared.$proc$src/mix_columns_shared.v:53$640'.
No latch inferred for signal `\mix_single_column_shared.$func$\xtime$src/mix_columns_shared.v:54$173$\xtime' from process `\mix_single_column_shared.$proc$src/mix_columns_shared.v:53$640'.
No latch inferred for signal `\mix_single_column_shared.$func$\xtime$src/mix_columns_shared.v:54$173$\b' from process `\mix_single_column_shared.$proc$src/mix_columns_shared.v:53$640'.
No latch inferred for signal `\mix_single_column_shared.$func$\mul9$src/mix_columns_shared.v:67$92$\mul9' from process `\mix_single_column_shared.$proc$src/mix_columns_shared.v:41$617'.
No latch inferred for signal `\mix_single_column_shared.$func$\mul9$src/mix_columns_shared.v:67$166$\mul9' from process `\mix_single_column_shared.$proc$src/mix_columns_shared.v:41$617'.
No latch inferred for signal `\mix_single_column_shared.$func$\mul9$src/mix_columns_shared.v:67$166$\b' from process `\mix_single_column_shared.$proc$src/mix_columns_shared.v:41$617'.
No latch inferred for signal `\mix_single_column_shared.$func$\xtime$src/mix_columns_shared.v:42$167$\xtime' from process `\mix_single_column_shared.$proc$src/mix_columns_shared.v:41$617'.
No latch inferred for signal `\mix_single_column_shared.$func$\xtime$src/mix_columns_shared.v:42$167$\b' from process `\mix_single_column_shared.$proc$src/mix_columns_shared.v:41$617'.
No latch inferred for signal `\mix_single_column_shared.$func$\xtime$src/mix_columns_shared.v:42$168$\xtime' from process `\mix_single_column_shared.$proc$src/mix_columns_shared.v:41$617'.
No latch inferred for signal `\mix_single_column_shared.$func$\xtime$src/mix_columns_shared.v:42$168$\b' from process `\mix_single_column_shared.$proc$src/mix_columns_shared.v:41$617'.
No latch inferred for signal `\mix_single_column_shared.$func$\xtime$src/mix_columns_shared.v:42$169$\xtime' from process `\mix_single_column_shared.$proc$src/mix_columns_shared.v:41$617'.
No latch inferred for signal `\mix_single_column_shared.$func$\xtime$src/mix_columns_shared.v:42$169$\b' from process `\mix_single_column_shared.$proc$src/mix_columns_shared.v:41$617'.
No latch inferred for signal `\mix_single_column_shared.$func$\mul13$src/mix_columns_shared.v:67$91$\mul13' from process `\mix_single_column_shared.$proc$src/mix_columns_shared.v:49$593'.
No latch inferred for signal `\mix_single_column_shared.$func$\mul13$src/mix_columns_shared.v:67$162$\mul13' from process `\mix_single_column_shared.$proc$src/mix_columns_shared.v:49$593'.
No latch inferred for signal `\mix_single_column_shared.$func$\mul13$src/mix_columns_shared.v:67$162$\b' from process `\mix_single_column_shared.$proc$src/mix_columns_shared.v:49$593'.
No latch inferred for signal `\mix_single_column_shared.$func$\xtime$src/mix_columns_shared.v:50$163$\xtime' from process `\mix_single_column_shared.$proc$src/mix_columns_shared.v:49$593'.
No latch inferred for signal `\mix_single_column_shared.$func$\xtime$src/mix_columns_shared.v:50$163$\b' from process `\mix_single_column_shared.$proc$src/mix_columns_shared.v:49$593'.
No latch inferred for signal `\mix_single_column_shared.$func$\xtime$src/mix_columns_shared.v:50$164$\xtime' from process `\mix_single_column_shared.$proc$src/mix_columns_shared.v:49$593'.
No latch inferred for signal `\mix_single_column_shared.$func$\xtime$src/mix_columns_shared.v:50$164$\b' from process `\mix_single_column_shared.$proc$src/mix_columns_shared.v:49$593'.
No latch inferred for signal `\mix_single_column_shared.$func$\xtime$src/mix_columns_shared.v:50$165$\xtime' from process `\mix_single_column_shared.$proc$src/mix_columns_shared.v:49$593'.
No latch inferred for signal `\mix_single_column_shared.$func$\xtime$src/mix_columns_shared.v:50$165$\b' from process `\mix_single_column_shared.$proc$src/mix_columns_shared.v:49$593'.
No latch inferred for signal `\mix_single_column_shared.$func$\mul11$src/mix_columns_shared.v:67$90$\mul11' from process `\mix_single_column_shared.$proc$src/mix_columns_shared.v:45$569'.
No latch inferred for signal `\mix_single_column_shared.$func$\mul11$src/mix_columns_shared.v:67$158$\mul11' from process `\mix_single_column_shared.$proc$src/mix_columns_shared.v:45$569'.
No latch inferred for signal `\mix_single_column_shared.$func$\mul11$src/mix_columns_shared.v:67$158$\b' from process `\mix_single_column_shared.$proc$src/mix_columns_shared.v:45$569'.
No latch inferred for signal `\mix_single_column_shared.$func$\xtime$src/mix_columns_shared.v:46$159$\xtime' from process `\mix_single_column_shared.$proc$src/mix_columns_shared.v:45$569'.
No latch inferred for signal `\mix_single_column_shared.$func$\xtime$src/mix_columns_shared.v:46$159$\b' from process `\mix_single_column_shared.$proc$src/mix_columns_shared.v:45$569'.
No latch inferred for signal `\mix_single_column_shared.$func$\xtime$src/mix_columns_shared.v:46$160$\xtime' from process `\mix_single_column_shared.$proc$src/mix_columns_shared.v:45$569'.
No latch inferred for signal `\mix_single_column_shared.$func$\xtime$src/mix_columns_shared.v:46$160$\b' from process `\mix_single_column_shared.$proc$src/mix_columns_shared.v:45$569'.
No latch inferred for signal `\mix_single_column_shared.$func$\xtime$src/mix_columns_shared.v:46$161$\xtime' from process `\mix_single_column_shared.$proc$src/mix_columns_shared.v:45$569'.
No latch inferred for signal `\mix_single_column_shared.$func$\xtime$src/mix_columns_shared.v:46$161$\b' from process `\mix_single_column_shared.$proc$src/mix_columns_shared.v:45$569'.
No latch inferred for signal `\mix_single_column_shared.$func$\mul11$src/mix_columns_shared.v:66$89$\mul11' from process `\mix_single_column_shared.$proc$src/mix_columns_shared.v:45$545'.
No latch inferred for signal `\mix_single_column_shared.$func$\mul11$src/mix_columns_shared.v:66$154$\mul11' from process `\mix_single_column_shared.$proc$src/mix_columns_shared.v:45$545'.
No latch inferred for signal `\mix_single_column_shared.$func$\mul11$src/mix_columns_shared.v:66$154$\b' from process `\mix_single_column_shared.$proc$src/mix_columns_shared.v:45$545'.
No latch inferred for signal `\mix_single_column_shared.$func$\xtime$src/mix_columns_shared.v:46$155$\xtime' from process `\mix_single_column_shared.$proc$src/mix_columns_shared.v:45$545'.
No latch inferred for signal `\mix_single_column_shared.$func$\xtime$src/mix_columns_shared.v:46$155$\b' from process `\mix_single_column_shared.$proc$src/mix_columns_shared.v:45$545'.
No latch inferred for signal `\mix_single_column_shared.$func$\xtime$src/mix_columns_shared.v:46$156$\xtime' from process `\mix_single_column_shared.$proc$src/mix_columns_shared.v:45$545'.
No latch inferred for signal `\mix_single_column_shared.$func$\xtime$src/mix_columns_shared.v:46$156$\b' from process `\mix_single_column_shared.$proc$src/mix_columns_shared.v:45$545'.
No latch inferred for signal `\mix_single_column_shared.$func$\xtime$src/mix_columns_shared.v:46$157$\xtime' from process `\mix_single_column_shared.$proc$src/mix_columns_shared.v:45$545'.
No latch inferred for signal `\mix_single_column_shared.$func$\xtime$src/mix_columns_shared.v:46$157$\b' from process `\mix_single_column_shared.$proc$src/mix_columns_shared.v:45$545'.
No latch inferred for signal `\mix_single_column_shared.$func$\mul14$src/mix_columns_shared.v:66$88$\mul14' from process `\mix_single_column_shared.$proc$src/mix_columns_shared.v:53$521'.
No latch inferred for signal `\mix_single_column_shared.$func$\mul14$src/mix_columns_shared.v:66$150$\mul14' from process `\mix_single_column_shared.$proc$src/mix_columns_shared.v:53$521'.
No latch inferred for signal `\mix_single_column_shared.$func$\mul14$src/mix_columns_shared.v:66$150$\b' from process `\mix_single_column_shared.$proc$src/mix_columns_shared.v:53$521'.
No latch inferred for signal `\mix_single_column_shared.$func$\xtime$src/mix_columns_shared.v:54$151$\xtime' from process `\mix_single_column_shared.$proc$src/mix_columns_shared.v:53$521'.
No latch inferred for signal `\mix_single_column_shared.$func$\xtime$src/mix_columns_shared.v:54$151$\b' from process `\mix_single_column_shared.$proc$src/mix_columns_shared.v:53$521'.
No latch inferred for signal `\mix_single_column_shared.$func$\xtime$src/mix_columns_shared.v:54$152$\xtime' from process `\mix_single_column_shared.$proc$src/mix_columns_shared.v:53$521'.
No latch inferred for signal `\mix_single_column_shared.$func$\xtime$src/mix_columns_shared.v:54$152$\b' from process `\mix_single_column_shared.$proc$src/mix_columns_shared.v:53$521'.
No latch inferred for signal `\mix_single_column_shared.$func$\xtime$src/mix_columns_shared.v:54$153$\xtime' from process `\mix_single_column_shared.$proc$src/mix_columns_shared.v:53$521'.
No latch inferred for signal `\mix_single_column_shared.$func$\xtime$src/mix_columns_shared.v:54$153$\b' from process `\mix_single_column_shared.$proc$src/mix_columns_shared.v:53$521'.
No latch inferred for signal `\mix_single_column_shared.$func$\mul9$src/mix_columns_shared.v:66$87$\mul9' from process `\mix_single_column_shared.$proc$src/mix_columns_shared.v:41$498'.
No latch inferred for signal `\mix_single_column_shared.$func$\mul9$src/mix_columns_shared.v:66$146$\mul9' from process `\mix_single_column_shared.$proc$src/mix_columns_shared.v:41$498'.
No latch inferred for signal `\mix_single_column_shared.$func$\mul9$src/mix_columns_shared.v:66$146$\b' from process `\mix_single_column_shared.$proc$src/mix_columns_shared.v:41$498'.
No latch inferred for signal `\mix_single_column_shared.$func$\xtime$src/mix_columns_shared.v:42$147$\xtime' from process `\mix_single_column_shared.$proc$src/mix_columns_shared.v:41$498'.
No latch inferred for signal `\mix_single_column_shared.$func$\xtime$src/mix_columns_shared.v:42$147$\b' from process `\mix_single_column_shared.$proc$src/mix_columns_shared.v:41$498'.
No latch inferred for signal `\mix_single_column_shared.$func$\xtime$src/mix_columns_shared.v:42$148$\xtime' from process `\mix_single_column_shared.$proc$src/mix_columns_shared.v:41$498'.
No latch inferred for signal `\mix_single_column_shared.$func$\xtime$src/mix_columns_shared.v:42$148$\b' from process `\mix_single_column_shared.$proc$src/mix_columns_shared.v:41$498'.
No latch inferred for signal `\mix_single_column_shared.$func$\xtime$src/mix_columns_shared.v:42$149$\xtime' from process `\mix_single_column_shared.$proc$src/mix_columns_shared.v:41$498'.
No latch inferred for signal `\mix_single_column_shared.$func$\xtime$src/mix_columns_shared.v:42$149$\b' from process `\mix_single_column_shared.$proc$src/mix_columns_shared.v:41$498'.
No latch inferred for signal `\mix_single_column_shared.$func$\mul13$src/mix_columns_shared.v:66$86$\mul13' from process `\mix_single_column_shared.$proc$src/mix_columns_shared.v:49$474'.
No latch inferred for signal `\mix_single_column_shared.$func$\mul13$src/mix_columns_shared.v:66$142$\mul13' from process `\mix_single_column_shared.$proc$src/mix_columns_shared.v:49$474'.
No latch inferred for signal `\mix_single_column_shared.$func$\mul13$src/mix_columns_shared.v:66$142$\b' from process `\mix_single_column_shared.$proc$src/mix_columns_shared.v:49$474'.
No latch inferred for signal `\mix_single_column_shared.$func$\xtime$src/mix_columns_shared.v:50$143$\xtime' from process `\mix_single_column_shared.$proc$src/mix_columns_shared.v:49$474'.
No latch inferred for signal `\mix_single_column_shared.$func$\xtime$src/mix_columns_shared.v:50$143$\b' from process `\mix_single_column_shared.$proc$src/mix_columns_shared.v:49$474'.
No latch inferred for signal `\mix_single_column_shared.$func$\xtime$src/mix_columns_shared.v:50$144$\xtime' from process `\mix_single_column_shared.$proc$src/mix_columns_shared.v:49$474'.
No latch inferred for signal `\mix_single_column_shared.$func$\xtime$src/mix_columns_shared.v:50$144$\b' from process `\mix_single_column_shared.$proc$src/mix_columns_shared.v:49$474'.
No latch inferred for signal `\mix_single_column_shared.$func$\xtime$src/mix_columns_shared.v:50$145$\xtime' from process `\mix_single_column_shared.$proc$src/mix_columns_shared.v:49$474'.
No latch inferred for signal `\mix_single_column_shared.$func$\xtime$src/mix_columns_shared.v:50$145$\b' from process `\mix_single_column_shared.$proc$src/mix_columns_shared.v:49$474'.
No latch inferred for signal `\mix_single_column_shared.$func$\mul13$src/mix_columns_shared.v:65$85$\mul13' from process `\mix_single_column_shared.$proc$src/mix_columns_shared.v:49$450'.
No latch inferred for signal `\mix_single_column_shared.$func$\mul13$src/mix_columns_shared.v:65$138$\mul13' from process `\mix_single_column_shared.$proc$src/mix_columns_shared.v:49$450'.
No latch inferred for signal `\mix_single_column_shared.$func$\mul13$src/mix_columns_shared.v:65$138$\b' from process `\mix_single_column_shared.$proc$src/mix_columns_shared.v:49$450'.
No latch inferred for signal `\mix_single_column_shared.$func$\xtime$src/mix_columns_shared.v:50$139$\xtime' from process `\mix_single_column_shared.$proc$src/mix_columns_shared.v:49$450'.
No latch inferred for signal `\mix_single_column_shared.$func$\xtime$src/mix_columns_shared.v:50$139$\b' from process `\mix_single_column_shared.$proc$src/mix_columns_shared.v:49$450'.
No latch inferred for signal `\mix_single_column_shared.$func$\xtime$src/mix_columns_shared.v:50$140$\xtime' from process `\mix_single_column_shared.$proc$src/mix_columns_shared.v:49$450'.
No latch inferred for signal `\mix_single_column_shared.$func$\xtime$src/mix_columns_shared.v:50$140$\b' from process `\mix_single_column_shared.$proc$src/mix_columns_shared.v:49$450'.
No latch inferred for signal `\mix_single_column_shared.$func$\xtime$src/mix_columns_shared.v:50$141$\xtime' from process `\mix_single_column_shared.$proc$src/mix_columns_shared.v:49$450'.
No latch inferred for signal `\mix_single_column_shared.$func$\xtime$src/mix_columns_shared.v:50$141$\b' from process `\mix_single_column_shared.$proc$src/mix_columns_shared.v:49$450'.
No latch inferred for signal `\mix_single_column_shared.$func$\mul11$src/mix_columns_shared.v:65$84$\mul11' from process `\mix_single_column_shared.$proc$src/mix_columns_shared.v:45$426'.
No latch inferred for signal `\mix_single_column_shared.$func$\mul11$src/mix_columns_shared.v:65$134$\mul11' from process `\mix_single_column_shared.$proc$src/mix_columns_shared.v:45$426'.
No latch inferred for signal `\mix_single_column_shared.$func$\mul11$src/mix_columns_shared.v:65$134$\b' from process `\mix_single_column_shared.$proc$src/mix_columns_shared.v:45$426'.
No latch inferred for signal `\mix_single_column_shared.$func$\xtime$src/mix_columns_shared.v:46$135$\xtime' from process `\mix_single_column_shared.$proc$src/mix_columns_shared.v:45$426'.
No latch inferred for signal `\mix_single_column_shared.$func$\xtime$src/mix_columns_shared.v:46$135$\b' from process `\mix_single_column_shared.$proc$src/mix_columns_shared.v:45$426'.
No latch inferred for signal `\mix_single_column_shared.$func$\xtime$src/mix_columns_shared.v:46$136$\xtime' from process `\mix_single_column_shared.$proc$src/mix_columns_shared.v:45$426'.
No latch inferred for signal `\mix_single_column_shared.$func$\xtime$src/mix_columns_shared.v:46$136$\b' from process `\mix_single_column_shared.$proc$src/mix_columns_shared.v:45$426'.
No latch inferred for signal `\mix_single_column_shared.$func$\xtime$src/mix_columns_shared.v:46$137$\xtime' from process `\mix_single_column_shared.$proc$src/mix_columns_shared.v:45$426'.
No latch inferred for signal `\mix_single_column_shared.$func$\xtime$src/mix_columns_shared.v:46$137$\b' from process `\mix_single_column_shared.$proc$src/mix_columns_shared.v:45$426'.
No latch inferred for signal `\mix_single_column_shared.$func$\mul14$src/mix_columns_shared.v:65$83$\mul14' from process `\mix_single_column_shared.$proc$src/mix_columns_shared.v:53$402'.
No latch inferred for signal `\mix_single_column_shared.$func$\mul14$src/mix_columns_shared.v:65$130$\mul14' from process `\mix_single_column_shared.$proc$src/mix_columns_shared.v:53$402'.
No latch inferred for signal `\mix_single_column_shared.$func$\mul14$src/mix_columns_shared.v:65$130$\b' from process `\mix_single_column_shared.$proc$src/mix_columns_shared.v:53$402'.
No latch inferred for signal `\mix_single_column_shared.$func$\xtime$src/mix_columns_shared.v:54$131$\xtime' from process `\mix_single_column_shared.$proc$src/mix_columns_shared.v:53$402'.
No latch inferred for signal `\mix_single_column_shared.$func$\xtime$src/mix_columns_shared.v:54$131$\b' from process `\mix_single_column_shared.$proc$src/mix_columns_shared.v:53$402'.
No latch inferred for signal `\mix_single_column_shared.$func$\xtime$src/mix_columns_shared.v:54$132$\xtime' from process `\mix_single_column_shared.$proc$src/mix_columns_shared.v:53$402'.
No latch inferred for signal `\mix_single_column_shared.$func$\xtime$src/mix_columns_shared.v:54$132$\b' from process `\mix_single_column_shared.$proc$src/mix_columns_shared.v:53$402'.
No latch inferred for signal `\mix_single_column_shared.$func$\xtime$src/mix_columns_shared.v:54$133$\xtime' from process `\mix_single_column_shared.$proc$src/mix_columns_shared.v:53$402'.
No latch inferred for signal `\mix_single_column_shared.$func$\xtime$src/mix_columns_shared.v:54$133$\b' from process `\mix_single_column_shared.$proc$src/mix_columns_shared.v:53$402'.
No latch inferred for signal `\mix_single_column_shared.$func$\mul9$src/mix_columns_shared.v:65$82$\mul9' from process `\mix_single_column_shared.$proc$src/mix_columns_shared.v:41$379'.
No latch inferred for signal `\mix_single_column_shared.$func$\mul9$src/mix_columns_shared.v:65$126$\mul9' from process `\mix_single_column_shared.$proc$src/mix_columns_shared.v:41$379'.
No latch inferred for signal `\mix_single_column_shared.$func$\mul9$src/mix_columns_shared.v:65$126$\b' from process `\mix_single_column_shared.$proc$src/mix_columns_shared.v:41$379'.
No latch inferred for signal `\mix_single_column_shared.$func$\xtime$src/mix_columns_shared.v:42$127$\xtime' from process `\mix_single_column_shared.$proc$src/mix_columns_shared.v:41$379'.
No latch inferred for signal `\mix_single_column_shared.$func$\xtime$src/mix_columns_shared.v:42$127$\b' from process `\mix_single_column_shared.$proc$src/mix_columns_shared.v:41$379'.
No latch inferred for signal `\mix_single_column_shared.$func$\xtime$src/mix_columns_shared.v:42$128$\xtime' from process `\mix_single_column_shared.$proc$src/mix_columns_shared.v:41$379'.
No latch inferred for signal `\mix_single_column_shared.$func$\xtime$src/mix_columns_shared.v:42$128$\b' from process `\mix_single_column_shared.$proc$src/mix_columns_shared.v:41$379'.
No latch inferred for signal `\mix_single_column_shared.$func$\xtime$src/mix_columns_shared.v:42$129$\xtime' from process `\mix_single_column_shared.$proc$src/mix_columns_shared.v:41$379'.
No latch inferred for signal `\mix_single_column_shared.$func$\xtime$src/mix_columns_shared.v:42$129$\b' from process `\mix_single_column_shared.$proc$src/mix_columns_shared.v:41$379'.
No latch inferred for signal `\mix_single_column_shared.$func$\mul9$src/mix_columns_shared.v:64$81$\mul9' from process `\mix_single_column_shared.$proc$src/mix_columns_shared.v:41$356'.
No latch inferred for signal `\mix_single_column_shared.$func$\mul9$src/mix_columns_shared.v:64$122$\mul9' from process `\mix_single_column_shared.$proc$src/mix_columns_shared.v:41$356'.
No latch inferred for signal `\mix_single_column_shared.$func$\mul9$src/mix_columns_shared.v:64$122$\b' from process `\mix_single_column_shared.$proc$src/mix_columns_shared.v:41$356'.
No latch inferred for signal `\mix_single_column_shared.$func$\xtime$src/mix_columns_shared.v:42$123$\xtime' from process `\mix_single_column_shared.$proc$src/mix_columns_shared.v:41$356'.
No latch inferred for signal `\mix_single_column_shared.$func$\xtime$src/mix_columns_shared.v:42$123$\b' from process `\mix_single_column_shared.$proc$src/mix_columns_shared.v:41$356'.
No latch inferred for signal `\mix_single_column_shared.$func$\xtime$src/mix_columns_shared.v:42$124$\xtime' from process `\mix_single_column_shared.$proc$src/mix_columns_shared.v:41$356'.
No latch inferred for signal `\mix_single_column_shared.$func$\xtime$src/mix_columns_shared.v:42$124$\b' from process `\mix_single_column_shared.$proc$src/mix_columns_shared.v:41$356'.
No latch inferred for signal `\mix_single_column_shared.$func$\xtime$src/mix_columns_shared.v:42$125$\xtime' from process `\mix_single_column_shared.$proc$src/mix_columns_shared.v:41$356'.
No latch inferred for signal `\mix_single_column_shared.$func$\xtime$src/mix_columns_shared.v:42$125$\b' from process `\mix_single_column_shared.$proc$src/mix_columns_shared.v:41$356'.
No latch inferred for signal `\mix_single_column_shared.$func$\mul13$src/mix_columns_shared.v:64$80$\mul13' from process `\mix_single_column_shared.$proc$src/mix_columns_shared.v:49$332'.
No latch inferred for signal `\mix_single_column_shared.$func$\mul13$src/mix_columns_shared.v:64$118$\mul13' from process `\mix_single_column_shared.$proc$src/mix_columns_shared.v:49$332'.
No latch inferred for signal `\mix_single_column_shared.$func$\mul13$src/mix_columns_shared.v:64$118$\b' from process `\mix_single_column_shared.$proc$src/mix_columns_shared.v:49$332'.
No latch inferred for signal `\mix_single_column_shared.$func$\xtime$src/mix_columns_shared.v:50$119$\xtime' from process `\mix_single_column_shared.$proc$src/mix_columns_shared.v:49$332'.
No latch inferred for signal `\mix_single_column_shared.$func$\xtime$src/mix_columns_shared.v:50$119$\b' from process `\mix_single_column_shared.$proc$src/mix_columns_shared.v:49$332'.
No latch inferred for signal `\mix_single_column_shared.$func$\xtime$src/mix_columns_shared.v:50$120$\xtime' from process `\mix_single_column_shared.$proc$src/mix_columns_shared.v:49$332'.
No latch inferred for signal `\mix_single_column_shared.$func$\xtime$src/mix_columns_shared.v:50$120$\b' from process `\mix_single_column_shared.$proc$src/mix_columns_shared.v:49$332'.
No latch inferred for signal `\mix_single_column_shared.$func$\xtime$src/mix_columns_shared.v:50$121$\xtime' from process `\mix_single_column_shared.$proc$src/mix_columns_shared.v:49$332'.
No latch inferred for signal `\mix_single_column_shared.$func$\xtime$src/mix_columns_shared.v:50$121$\b' from process `\mix_single_column_shared.$proc$src/mix_columns_shared.v:49$332'.
No latch inferred for signal `\mix_single_column_shared.$func$\mul11$src/mix_columns_shared.v:64$79$\mul11' from process `\mix_single_column_shared.$proc$src/mix_columns_shared.v:45$308'.
No latch inferred for signal `\mix_single_column_shared.$func$\mul11$src/mix_columns_shared.v:64$114$\mul11' from process `\mix_single_column_shared.$proc$src/mix_columns_shared.v:45$308'.
No latch inferred for signal `\mix_single_column_shared.$func$\mul11$src/mix_columns_shared.v:64$114$\b' from process `\mix_single_column_shared.$proc$src/mix_columns_shared.v:45$308'.
No latch inferred for signal `\mix_single_column_shared.$func$\xtime$src/mix_columns_shared.v:46$115$\xtime' from process `\mix_single_column_shared.$proc$src/mix_columns_shared.v:45$308'.
No latch inferred for signal `\mix_single_column_shared.$func$\xtime$src/mix_columns_shared.v:46$115$\b' from process `\mix_single_column_shared.$proc$src/mix_columns_shared.v:45$308'.
No latch inferred for signal `\mix_single_column_shared.$func$\xtime$src/mix_columns_shared.v:46$116$\xtime' from process `\mix_single_column_shared.$proc$src/mix_columns_shared.v:45$308'.
No latch inferred for signal `\mix_single_column_shared.$func$\xtime$src/mix_columns_shared.v:46$116$\b' from process `\mix_single_column_shared.$proc$src/mix_columns_shared.v:45$308'.
No latch inferred for signal `\mix_single_column_shared.$func$\xtime$src/mix_columns_shared.v:46$117$\xtime' from process `\mix_single_column_shared.$proc$src/mix_columns_shared.v:45$308'.
No latch inferred for signal `\mix_single_column_shared.$func$\xtime$src/mix_columns_shared.v:46$117$\b' from process `\mix_single_column_shared.$proc$src/mix_columns_shared.v:45$308'.
No latch inferred for signal `\mix_single_column_shared.$func$\mul14$src/mix_columns_shared.v:64$78$\mul14' from process `\mix_single_column_shared.$proc$src/mix_columns_shared.v:53$284'.
No latch inferred for signal `\mix_single_column_shared.$func$\mul14$src/mix_columns_shared.v:64$110$\mul14' from process `\mix_single_column_shared.$proc$src/mix_columns_shared.v:53$284'.
No latch inferred for signal `\mix_single_column_shared.$func$\mul14$src/mix_columns_shared.v:64$110$\b' from process `\mix_single_column_shared.$proc$src/mix_columns_shared.v:53$284'.
No latch inferred for signal `\mix_single_column_shared.$func$\xtime$src/mix_columns_shared.v:54$111$\xtime' from process `\mix_single_column_shared.$proc$src/mix_columns_shared.v:53$284'.
No latch inferred for signal `\mix_single_column_shared.$func$\xtime$src/mix_columns_shared.v:54$111$\b' from process `\mix_single_column_shared.$proc$src/mix_columns_shared.v:53$284'.
No latch inferred for signal `\mix_single_column_shared.$func$\xtime$src/mix_columns_shared.v:54$112$\xtime' from process `\mix_single_column_shared.$proc$src/mix_columns_shared.v:53$284'.
No latch inferred for signal `\mix_single_column_shared.$func$\xtime$src/mix_columns_shared.v:54$112$\b' from process `\mix_single_column_shared.$proc$src/mix_columns_shared.v:53$284'.
No latch inferred for signal `\mix_single_column_shared.$func$\xtime$src/mix_columns_shared.v:54$113$\xtime' from process `\mix_single_column_shared.$proc$src/mix_columns_shared.v:53$284'.
No latch inferred for signal `\mix_single_column_shared.$func$\xtime$src/mix_columns_shared.v:54$113$\b' from process `\mix_single_column_shared.$proc$src/mix_columns_shared.v:53$284'.
No latch inferred for signal `\mix_single_column_shared.$func$\mul2$src/mix_columns_shared.v:61$77$\mul2' from process `\mix_single_column_shared.$proc$src/mix_columns_shared.v:33$274'.
No latch inferred for signal `\mix_single_column_shared.$func$\mul2$src/mix_columns_shared.v:61$108$\mul2' from process `\mix_single_column_shared.$proc$src/mix_columns_shared.v:33$274'.
No latch inferred for signal `\mix_single_column_shared.$func$\mul2$src/mix_columns_shared.v:61$108$\b' from process `\mix_single_column_shared.$proc$src/mix_columns_shared.v:33$274'.
No latch inferred for signal `\mix_single_column_shared.$func$\xtime$src/mix_columns_shared.v:34$109$\xtime' from process `\mix_single_column_shared.$proc$src/mix_columns_shared.v:33$274'.
No latch inferred for signal `\mix_single_column_shared.$func$\xtime$src/mix_columns_shared.v:34$109$\b' from process `\mix_single_column_shared.$proc$src/mix_columns_shared.v:33$274'.
No latch inferred for signal `\mix_single_column_shared.$func$\mul3$src/mix_columns_shared.v:61$76$\mul3' from process `\mix_single_column_shared.$proc$src/mix_columns_shared.v:37$263'.
No latch inferred for signal `\mix_single_column_shared.$func$\mul3$src/mix_columns_shared.v:61$106$\mul3' from process `\mix_single_column_shared.$proc$src/mix_columns_shared.v:37$263'.
No latch inferred for signal `\mix_single_column_shared.$func$\mul3$src/mix_columns_shared.v:61$106$\b' from process `\mix_single_column_shared.$proc$src/mix_columns_shared.v:37$263'.
No latch inferred for signal `\mix_single_column_shared.$func$\xtime$src/mix_columns_shared.v:38$107$\xtime' from process `\mix_single_column_shared.$proc$src/mix_columns_shared.v:37$263'.
No latch inferred for signal `\mix_single_column_shared.$func$\xtime$src/mix_columns_shared.v:38$107$\b' from process `\mix_single_column_shared.$proc$src/mix_columns_shared.v:37$263'.
No latch inferred for signal `\mix_single_column_shared.$func$\mul3$src/mix_columns_shared.v:60$75$\mul3' from process `\mix_single_column_shared.$proc$src/mix_columns_shared.v:37$252'.
No latch inferred for signal `\mix_single_column_shared.$func$\mul3$src/mix_columns_shared.v:60$104$\mul3' from process `\mix_single_column_shared.$proc$src/mix_columns_shared.v:37$252'.
No latch inferred for signal `\mix_single_column_shared.$func$\mul3$src/mix_columns_shared.v:60$104$\b' from process `\mix_single_column_shared.$proc$src/mix_columns_shared.v:37$252'.
No latch inferred for signal `\mix_single_column_shared.$func$\xtime$src/mix_columns_shared.v:38$105$\xtime' from process `\mix_single_column_shared.$proc$src/mix_columns_shared.v:37$252'.
No latch inferred for signal `\mix_single_column_shared.$func$\xtime$src/mix_columns_shared.v:38$105$\b' from process `\mix_single_column_shared.$proc$src/mix_columns_shared.v:37$252'.
No latch inferred for signal `\mix_single_column_shared.$func$\mul2$src/mix_columns_shared.v:60$74$\mul2' from process `\mix_single_column_shared.$proc$src/mix_columns_shared.v:33$242'.
No latch inferred for signal `\mix_single_column_shared.$func$\mul2$src/mix_columns_shared.v:60$102$\mul2' from process `\mix_single_column_shared.$proc$src/mix_columns_shared.v:33$242'.
No latch inferred for signal `\mix_single_column_shared.$func$\mul2$src/mix_columns_shared.v:60$102$\b' from process `\mix_single_column_shared.$proc$src/mix_columns_shared.v:33$242'.
No latch inferred for signal `\mix_single_column_shared.$func$\xtime$src/mix_columns_shared.v:34$103$\xtime' from process `\mix_single_column_shared.$proc$src/mix_columns_shared.v:33$242'.
No latch inferred for signal `\mix_single_column_shared.$func$\xtime$src/mix_columns_shared.v:34$103$\b' from process `\mix_single_column_shared.$proc$src/mix_columns_shared.v:33$242'.
No latch inferred for signal `\mix_single_column_shared.$func$\mul3$src/mix_columns_shared.v:59$73$\mul3' from process `\mix_single_column_shared.$proc$src/mix_columns_shared.v:37$231'.
No latch inferred for signal `\mix_single_column_shared.$func$\mul3$src/mix_columns_shared.v:59$100$\mul3' from process `\mix_single_column_shared.$proc$src/mix_columns_shared.v:37$231'.
No latch inferred for signal `\mix_single_column_shared.$func$\mul3$src/mix_columns_shared.v:59$100$\b' from process `\mix_single_column_shared.$proc$src/mix_columns_shared.v:37$231'.
No latch inferred for signal `\mix_single_column_shared.$func$\xtime$src/mix_columns_shared.v:38$101$\xtime' from process `\mix_single_column_shared.$proc$src/mix_columns_shared.v:37$231'.
No latch inferred for signal `\mix_single_column_shared.$func$\xtime$src/mix_columns_shared.v:38$101$\b' from process `\mix_single_column_shared.$proc$src/mix_columns_shared.v:37$231'.
No latch inferred for signal `\mix_single_column_shared.$func$\mul2$src/mix_columns_shared.v:59$72$\mul2' from process `\mix_single_column_shared.$proc$src/mix_columns_shared.v:33$221'.
No latch inferred for signal `\mix_single_column_shared.$func$\mul2$src/mix_columns_shared.v:59$98$\mul2' from process `\mix_single_column_shared.$proc$src/mix_columns_shared.v:33$221'.
No latch inferred for signal `\mix_single_column_shared.$func$\mul2$src/mix_columns_shared.v:59$98$\b' from process `\mix_single_column_shared.$proc$src/mix_columns_shared.v:33$221'.
No latch inferred for signal `\mix_single_column_shared.$func$\xtime$src/mix_columns_shared.v:34$99$\xtime' from process `\mix_single_column_shared.$proc$src/mix_columns_shared.v:33$221'.
No latch inferred for signal `\mix_single_column_shared.$func$\xtime$src/mix_columns_shared.v:34$99$\b' from process `\mix_single_column_shared.$proc$src/mix_columns_shared.v:33$221'.
No latch inferred for signal `\mix_single_column_shared.$func$\mul3$src/mix_columns_shared.v:58$71$\mul3' from process `\mix_single_column_shared.$proc$src/mix_columns_shared.v:37$210'.
No latch inferred for signal `\mix_single_column_shared.$func$\mul3$src/mix_columns_shared.v:58$96$\mul3' from process `\mix_single_column_shared.$proc$src/mix_columns_shared.v:37$210'.
No latch inferred for signal `\mix_single_column_shared.$func$\mul3$src/mix_columns_shared.v:58$96$\b' from process `\mix_single_column_shared.$proc$src/mix_columns_shared.v:37$210'.
No latch inferred for signal `\mix_single_column_shared.$func$\xtime$src/mix_columns_shared.v:38$97$\xtime' from process `\mix_single_column_shared.$proc$src/mix_columns_shared.v:37$210'.
No latch inferred for signal `\mix_single_column_shared.$func$\xtime$src/mix_columns_shared.v:38$97$\b' from process `\mix_single_column_shared.$proc$src/mix_columns_shared.v:37$210'.
No latch inferred for signal `\mix_single_column_shared.$func$\mul2$src/mix_columns_shared.v:58$70$\mul2' from process `\mix_single_column_shared.$proc$src/mix_columns_shared.v:33$200'.
No latch inferred for signal `\mix_single_column_shared.$func$\mul2$src/mix_columns_shared.v:58$94$\mul2' from process `\mix_single_column_shared.$proc$src/mix_columns_shared.v:33$200'.
No latch inferred for signal `\mix_single_column_shared.$func$\mul2$src/mix_columns_shared.v:58$94$\b' from process `\mix_single_column_shared.$proc$src/mix_columns_shared.v:33$200'.
No latch inferred for signal `\mix_single_column_shared.$func$\xtime$src/mix_columns_shared.v:34$95$\xtime' from process `\mix_single_column_shared.$proc$src/mix_columns_shared.v:33$200'.
No latch inferred for signal `\mix_single_column_shared.$func$\xtime$src/mix_columns_shared.v:34$95$\b' from process `\mix_single_column_shared.$proc$src/mix_columns_shared.v:33$200'.
No latch inferred for signal `\mix_single_column_shared.\col_out' from process `\mix_single_column_shared.$proc$src/mix_columns_shared.v:69$198'.
No latch inferred for signal `\shift_rows_shared.\state_out' from process `\shift_rows_shared.$proc$src/shift_rows_shared.v:32$68'.
No latch inferred for signal `\gf_inv_shared.\out_byte' from process `\gf_inv_shared.$proc$src/aes_sbox_shared.v:70$67'.

10.7. Executing PROC_DFF pass (convert process syncs to FFs).
Creating register for signal `\axi4_lite_slave.\s_axi_arready' using process `\axi4_lite_slave.$proc$src/axi4_lite_slave.v:170$709'.
  created $adff cell `$procdff$1344' with positive edge clock and negative level reset.
Creating register for signal `\axi4_lite_slave.\s_axi_rdata' using process `\axi4_lite_slave.$proc$src/axi4_lite_slave.v:170$709'.
  created $adff cell `$procdff$1345' with positive edge clock and negative level reset.
Creating register for signal `\axi4_lite_slave.\s_axi_rresp' using process `\axi4_lite_slave.$proc$src/axi4_lite_slave.v:170$709'.
  created $adff cell `$procdff$1346' with positive edge clock and negative level reset.
Creating register for signal `\axi4_lite_slave.\s_axi_rvalid' using process `\axi4_lite_slave.$proc$src/axi4_lite_slave.v:170$709'.
  created $adff cell `$procdff$1347' with positive edge clock and negative level reset.
Creating register for signal `\axi4_lite_slave.\s_axi_awready' using process `\axi4_lite_slave.$proc$src/axi4_lite_slave.v:93$695'.
  created $adff cell `$procdff$1348' with positive edge clock and negative level reset.
Creating register for signal `\axi4_lite_slave.\s_axi_wready' using process `\axi4_lite_slave.$proc$src/axi4_lite_slave.v:93$695'.
  created $adff cell `$procdff$1349' with positive edge clock and negative level reset.
Creating register for signal `\axi4_lite_slave.\s_axi_bresp' using process `\axi4_lite_slave.$proc$src/axi4_lite_slave.v:93$695'.
  created $adff cell `$procdff$1350' with positive edge clock and negative level reset.
Creating register for signal `\axi4_lite_slave.\s_axi_bvalid' using process `\axi4_lite_slave.$proc$src/axi4_lite_slave.v:93$695'.
  created $adff cell `$procdff$1351' with positive edge clock and negative level reset.
Creating register for signal `\axi4_lite_slave.\reg_ctrl' using process `\axi4_lite_slave.$proc$src/axi4_lite_slave.v:93$695'.
  created $adff cell `$procdff$1352' with positive edge clock and negative level reset.
Creating register for signal `\axi4_lite_slave.\reg_key0' using process `\axi4_lite_slave.$proc$src/axi4_lite_slave.v:93$695'.
  created $adff cell `$procdff$1353' with positive edge clock and negative level reset.
Creating register for signal `\axi4_lite_slave.\reg_key1' using process `\axi4_lite_slave.$proc$src/axi4_lite_slave.v:93$695'.
  created $adff cell `$procdff$1354' with positive edge clock and negative level reset.
Creating register for signal `\axi4_lite_slave.\reg_key2' using process `\axi4_lite_slave.$proc$src/axi4_lite_slave.v:93$695'.
  created $adff cell `$procdff$1355' with positive edge clock and negative level reset.
Creating register for signal `\axi4_lite_slave.\reg_key3' using process `\axi4_lite_slave.$proc$src/axi4_lite_slave.v:93$695'.
  created $adff cell `$procdff$1356' with positive edge clock and negative level reset.
Creating register for signal `\axi4_lite_slave.\reg_din0' using process `\axi4_lite_slave.$proc$src/axi4_lite_slave.v:93$695'.
  created $adff cell `$procdff$1357' with positive edge clock and negative level reset.
Creating register for signal `\axi4_lite_slave.\reg_din1' using process `\axi4_lite_slave.$proc$src/axi4_lite_slave.v:93$695'.
  created $adff cell `$procdff$1358' with positive edge clock and negative level reset.
Creating register for signal `\axi4_lite_slave.\reg_din2' using process `\axi4_lite_slave.$proc$src/axi4_lite_slave.v:93$695'.
  created $adff cell `$procdff$1359' with positive edge clock and negative level reset.
Creating register for signal `\axi4_lite_slave.\reg_din3' using process `\axi4_lite_slave.$proc$src/axi4_lite_slave.v:93$695'.
  created $adff cell `$procdff$1360' with positive edge clock and negative level reset.
Creating register for signal `\axi4_lite_slave.\awaddr_reg' using process `\axi4_lite_slave.$proc$src/axi4_lite_slave.v:93$695'.
  created $adff cell `$procdff$1361' with positive edge clock and negative level reset.
Creating register for signal `\axi4_lite_slave.\aw_done' using process `\axi4_lite_slave.$proc$src/axi4_lite_slave.v:93$695'.
  created $adff cell `$procdff$1362' with positive edge clock and negative level reset.
Creating register for signal `\axi4_lite_slave.\w_done' using process `\axi4_lite_slave.$proc$src/axi4_lite_slave.v:93$695'.
  created $adff cell `$procdff$1363' with positive edge clock and negative level reset.
Creating register for signal `\aes_core_bidirectional.\round_num' using process `\aes_core_bidirectional.$proc$src/aes_core_bidirectional.v:90$684'.
  created $adff cell `$procdff$1364' with positive edge clock and negative level reset.
Creating register for signal `\aes_core_bidirectional.\current_state' using process `\aes_core_bidirectional.$proc$src/aes_core_bidirectional.v:90$684'.
  created $adff cell `$procdff$1365' with positive edge clock and negative level reset.
Creating register for signal `\aes_core_bidirectional.\done' using process `\aes_core_bidirectional.$proc$src/aes_core_bidirectional.v:90$684'.
  created $adff cell `$procdff$1366' with positive edge clock and negative level reset.
Creating register for signal `\aes_core_bidirectional.\busy' using process `\aes_core_bidirectional.$proc$src/aes_core_bidirectional.v:90$684'.
  created $adff cell `$procdff$1367' with positive edge clock and negative level reset.
Creating register for signal `\aes_core_bidirectional.\fault_detected' using process `\aes_core_bidirectional.$proc$src/aes_core_bidirectional.v:90$684'.
  created $adff cell `$procdff$1368' with positive edge clock and negative level reset.
Creating register for signal `\aes_core_bidirectional.\security_irq' using process `\aes_core_bidirectional.$proc$src/aes_core_bidirectional.v:90$684'.
  created $adff cell `$procdff$1369' with positive edge clock and negative level reset.
Creating register for signal `\aes_core_bidirectional.\data_out' using process `\aes_core_bidirectional.$proc$src/aes_core_bidirectional.v:90$684'.
  created $adff cell `$procdff$1370' with positive edge clock and negative level reset.
Creating register for signal `\aes_core_bidirectional.\registered_key' using process `\aes_core_bidirectional.$proc$src/aes_core_bidirectional.v:90$684'.
  created $adff cell `$procdff$1371' with positive edge clock and negative level reset.
Creating register for signal `\aes_core_bidirectional.\registered_mode' using process `\aes_core_bidirectional.$proc$src/aes_core_bidirectional.v:90$684'.
  created $adff cell `$procdff$1372' with positive edge clock and negative level reset.
Creating register for signal `\aes_core_bidirectional.\load_key_pulse' using process `\aes_core_bidirectional.$proc$src/aes_core_bidirectional.v:90$684'.
  created $adff cell `$procdff$1373' with positive edge clock and negative level reset.
Creating register for signal `\key_expand_shared.\rk1' using process `\key_expand_shared.$proc$src/key_expand_shared.v:34$664'.
  created $adff cell `$procdff$1374' with positive edge clock and negative level reset.
Creating register for signal `\key_expand_shared.\rk0' using process `\key_expand_shared.$proc$src/key_expand_shared.v:34$664'.
  created $adff cell `$procdff$1375' with positive edge clock and negative level reset.
Creating register for signal `\key_expand_shared.\rk2' using process `\key_expand_shared.$proc$src/key_expand_shared.v:34$664'.
  created $adff cell `$procdff$1376' with positive edge clock and negative level reset.
Creating register for signal `\key_expand_shared.\rk3' using process `\key_expand_shared.$proc$src/key_expand_shared.v:34$664'.
  created $adff cell `$procdff$1377' with positive edge clock and negative level reset.
Creating register for signal `\key_expand_shared.\rk4' using process `\key_expand_shared.$proc$src/key_expand_shared.v:34$664'.
  created $adff cell `$procdff$1378' with positive edge clock and negative level reset.
Creating register for signal `\key_expand_shared.\rk5' using process `\key_expand_shared.$proc$src/key_expand_shared.v:34$664'.
  created $adff cell `$procdff$1379' with positive edge clock and negative level reset.
Creating register for signal `\key_expand_shared.\rk6' using process `\key_expand_shared.$proc$src/key_expand_shared.v:34$664'.
  created $adff cell `$procdff$1380' with positive edge clock and negative level reset.
Creating register for signal `\key_expand_shared.\rk7' using process `\key_expand_shared.$proc$src/key_expand_shared.v:34$664'.
  created $adff cell `$procdff$1381' with positive edge clock and negative level reset.
Creating register for signal `\key_expand_shared.\rk8' using process `\key_expand_shared.$proc$src/key_expand_shared.v:34$664'.
  created $adff cell `$procdff$1382' with positive edge clock and negative level reset.
Creating register for signal `\key_expand_shared.\rk9' using process `\key_expand_shared.$proc$src/key_expand_shared.v:34$664'.
  created $adff cell `$procdff$1383' with positive edge clock and negative level reset.
Creating register for signal `\key_expand_shared.\rk10' using process `\key_expand_shared.$proc$src/key_expand_shared.v:34$664'.
  created $adff cell `$procdff$1384' with positive edge clock and negative level reset.

10.8. Executing PROC_CLEAN pass (remove empty switches from decision trees).
Found and cleaned up 3 empty switches in `\axi4_lite_slave.$proc$src/axi4_lite_slave.v:170$709'.
Removing empty process `axi4_lite_slave.$proc$src/axi4_lite_slave.v:170$709'.
Found and cleaned up 6 empty switches in `\axi4_lite_slave.$proc$src/axi4_lite_slave.v:93$695'.
Removing empty process `axi4_lite_slave.$proc$src/axi4_lite_slave.v:93$695'.
Found and cleaned up 6 empty switches in `\aes_core_bidirectional.$proc$src/aes_core_bidirectional.v:90$684'.
Removing empty process `aes_core_bidirectional.$proc$src/aes_core_bidirectional.v:90$684'.
Found and cleaned up 1 empty switch in `\key_expand_shared.$proc$src/key_expand_shared.v:62$668'.
Removing empty process `key_expand_shared.$proc$src/key_expand_shared.v:62$668'.
Found and cleaned up 2 empty switches in `\key_expand_shared.$proc$src/key_expand_shared.v:34$664'.
Removing empty process `key_expand_shared.$proc$src/key_expand_shared.v:34$664'.
Removing empty process `mix_single_column_shared.$proc$src/mix_columns_shared.v:53$640'.
Removing empty process `mix_single_column_shared.$proc$src/mix_columns_shared.v:41$617'.
Removing empty process `mix_single_column_shared.$proc$src/mix_columns_shared.v:49$593'.
Removing empty process `mix_single_column_shared.$proc$src/mix_columns_shared.v:45$569'.
Removing empty process `mix_single_column_shared.$proc$src/mix_columns_shared.v:45$545'.
Removing empty process `mix_single_column_shared.$proc$src/mix_columns_shared.v:53$521'.
Removing empty process `mix_single_column_shared.$proc$src/mix_columns_shared.v:41$498'.
Removing empty process `mix_single_column_shared.$proc$src/mix_columns_shared.v:49$474'.
Removing empty process `mix_single_column_shared.$proc$src/mix_columns_shared.v:49$450'.
Removing empty process `mix_single_column_shared.$proc$src/mix_columns_shared.v:45$426'.
Removing empty process `mix_single_column_shared.$proc$src/mix_columns_shared.v:53$402'.
Removing empty process `mix_single_column_shared.$proc$src/mix_columns_shared.v:41$379'.
Removing empty process `mix_single_column_shared.$proc$src/mix_columns_shared.v:41$356'.
Removing empty process `mix_single_column_shared.$proc$src/mix_columns_shared.v:49$332'.
Removing empty process `mix_single_column_shared.$proc$src/mix_columns_shared.v:45$308'.
Removing empty process `mix_single_column_shared.$proc$src/mix_columns_shared.v:53$284'.
Removing empty process `mix_single_column_shared.$proc$src/mix_columns_shared.v:33$274'.
Removing empty process `mix_single_column_shared.$proc$src/mix_columns_shared.v:37$263'.
Removing empty process `mix_single_column_shared.$proc$src/mix_columns_shared.v:37$252'.
Removing empty process `mix_single_column_shared.$proc$src/mix_columns_shared.v:33$242'.
Removing empty process `mix_single_column_shared.$proc$src/mix_columns_shared.v:37$231'.
Removing empty process `mix_single_column_shared.$proc$src/mix_columns_shared.v:33$221'.
Removing empty process `mix_single_column_shared.$proc$src/mix_columns_shared.v:37$210'.
Removing empty process `mix_single_column_shared.$proc$src/mix_columns_shared.v:33$200'.
Found and cleaned up 1 empty switch in `\mix_single_column_shared.$proc$src/mix_columns_shared.v:69$198'.
Removing empty process `mix_single_column_shared.$proc$src/mix_columns_shared.v:69$198'.
Found and cleaned up 1 empty switch in `\shift_rows_shared.$proc$src/shift_rows_shared.v:32$68'.
Removing empty process `shift_rows_shared.$proc$src/shift_rows_shared.v:32$68'.
Found and cleaned up 1 empty switch in `\gf_inv_shared.$proc$src/aes_sbox_shared.v:70$67'.
Removing empty process `gf_inv_shared.$proc$src/aes_sbox_shared.v:70$67'.
Cleaned up 21 empty switches.

11. Executing OPT pass (performing simple optimizations).

11.1. Executing OPT_EXPR pass (perform const folding).
Optimizing module aes_soc_top.
Optimizing module axi4_lite_slave.
<suppressed ~5 debug messages>
Optimizing module aes_core_bidirectional.
<suppressed ~1 debug messages>
Optimizing module key_expand_step.
Optimizing module key_expand_shared.
<suppressed ~1 debug messages>
Optimizing module mix_single_column_shared.
<suppressed ~113 debug messages>
Optimizing module mix_columns_shared.
Optimizing module shift_rows_shared.
<suppressed ~8 debug messages>
Optimizing module sub_bytes_shared.
Optimizing module gf_inv_shared.
<suppressed ~1 debug messages>
Optimizing module aes_sbox_shared.
<suppressed ~10 debug messages>

11.2. Executing OPT_MERGE pass (detect identical cells).
Finding identical cells in module `\aes_soc_top'.
Finding identical cells in module `\axi4_lite_slave'.
<suppressed ~18 debug messages>
Finding identical cells in module `\aes_core_bidirectional'.
<suppressed ~3 debug messages>
Finding identical cells in module `\key_expand_step'.
Finding identical cells in module `\key_expand_shared'.
Finding identical cells in module `\mix_single_column_shared'.
<suppressed ~60 debug messages>
Finding identical cells in module `\mix_columns_shared'.
Finding identical cells in module `\shift_rows_shared'.
Finding identical cells in module `\sub_bytes_shared'.
Finding identical cells in module `\gf_inv_shared'.
Finding identical cells in module `\aes_sbox_shared'.
<suppressed ~12 debug messages>
Removed a total of 31 cells.

11.3. Executing OPT_MUXTREE pass (detect dead branches in mux trees).
Running muxtree optimizer on module \aes_soc_top..
  Creating internal representation of mux trees.
  No muxes found in this module.
Running muxtree optimizer on module \axi4_lite_slave..
  Creating internal representation of mux trees.
  Evaluating internal representation of mux trees.
  Analyzing evaluation results.
Running muxtree optimizer on module \aes_core_bidirectional..
  Creating internal representation of mux trees.
  Evaluating internal representation of mux trees.
      Replacing known input bits on port A of cell $procmux$931: \busy -> 1'0
      Replacing known input bits on port B of cell $procmux$929: \busy -> 1'1
      Replacing known input bits on port A of cell $procmux$926: \busy -> 1'1
  Analyzing evaluation results.
Running muxtree optimizer on module \key_expand_step..
  Creating internal representation of mux trees.
  No muxes found in this module.
Running muxtree optimizer on module \key_expand_shared..
  Creating internal representation of mux trees.
  Evaluating internal representation of mux trees.
  Analyzing evaluation results.
Running muxtree optimizer on module \mix_single_column_shared..
  Creating internal representation of mux trees.
  Evaluating internal representation of mux trees.
  Analyzing evaluation results.
Running muxtree optimizer on module \mix_columns_shared..
  Creating internal representation of mux trees.
  No muxes found in this module.
Running muxtree optimizer on module \shift_rows_shared..
  Creating internal representation of mux trees.
  Evaluating internal representation of mux trees.
  Analyzing evaluation results.
Running muxtree optimizer on module \sub_bytes_shared..
  Creating internal representation of mux trees.
  No muxes found in this module.
Running muxtree optimizer on module \gf_inv_shared..
  Creating internal representation of mux trees.
  Evaluating internal representation of mux trees.
  Analyzing evaluation results.
Running muxtree optimizer on module \aes_sbox_shared..
  Creating internal representation of mux trees.
  Evaluating internal representation of mux trees.
  Analyzing evaluation results.
Removed 0 multiplexer ports.
<suppressed ~124 debug messages>

11.4. Executing OPT_REDUCE pass (consolidate $*mux and $reduce_* inputs).
  Optimizing cells in module \aes_soc_top.
  Optimizing cells in module \axi4_lite_slave.
  Optimizing cells in module \aes_core_bidirectional.
  Optimizing cells in module \key_expand_step.
  Optimizing cells in module \key_expand_shared.
  Optimizing cells in module \mix_single_column_shared.
  Optimizing cells in module \mix_columns_shared.
  Optimizing cells in module \shift_rows_shared.
  Optimizing cells in module \sub_bytes_shared.
  Optimizing cells in module \gf_inv_shared.
  Optimizing cells in module \aes_sbox_shared.
Performed a total of 0 changes.

11.5. Executing OPT_MERGE pass (detect identical cells).
Finding identical cells in module `\aes_soc_top'.
Finding identical cells in module `\axi4_lite_slave'.
Finding identical cells in module `\aes_core_bidirectional'.
Finding identical cells in module `\key_expand_step'.
Finding identical cells in module `\key_expand_shared'.
Finding identical cells in module `\mix_single_column_shared'.
<suppressed ~132 debug messages>
Finding identical cells in module `\mix_columns_shared'.
Finding identical cells in module `\shift_rows_shared'.
Finding identical cells in module `\sub_bytes_shared'.
Finding identical cells in module `\gf_inv_shared'.
Finding identical cells in module `\aes_sbox_shared'.
Removed a total of 44 cells.

11.6. Executing OPT_RMDFF pass (remove dff with constant values).

11.7. Executing OPT_CLEAN pass (remove unused cells and wires).
Finding unused cells or wires in module \aes_soc_top..
Finding unused cells or wires in module \axi4_lite_slave..
Finding unused cells or wires in module \aes_core_bidirectional..
Finding unused cells or wires in module \key_expand_step..
Finding unused cells or wires in module \key_expand_shared..
Finding unused cells or wires in module \mix_single_column_shared..
Finding unused cells or wires in module \mix_columns_shared..
Finding unused cells or wires in module \shift_rows_shared..
Finding unused cells or wires in module \sub_bytes_shared..
Finding unused cells or wires in module \gf_inv_shared..
Finding unused cells or wires in module \aes_sbox_shared..
Removed 42 unused cells and 810 unused wires.
<suppressed ~73 debug messages>

11.8. Executing OPT_EXPR pass (perform const folding).
Optimizing module aes_core_bidirectional.
Optimizing module aes_sbox_shared.
Optimizing module aes_soc_top.
Optimizing module axi4_lite_slave.
Optimizing module gf_inv_shared.
Optimizing module key_expand_shared.
Optimizing module key_expand_step.
Optimizing module mix_columns_shared.
Optimizing module mix_single_column_shared.
Optimizing module shift_rows_shared.
Optimizing module sub_bytes_shared.

11.9. Rerunning OPT passes. (Maybe there is more to do..)

11.10. Executing OPT_MUXTREE pass (detect dead branches in mux trees).
Running muxtree optimizer on module \aes_core_bidirectional..
  Creating internal representation of mux trees.
  Evaluating internal representation of mux trees.
  Analyzing evaluation results.
Running muxtree optimizer on module \aes_sbox_shared..
  Creating internal representation of mux trees.
  Evaluating internal representation of mux trees.
  Analyzing evaluation results.
Running muxtree optimizer on module \aes_soc_top..
  Creating internal representation of mux trees.
  No muxes found in this module.
Running muxtree optimizer on module \axi4_lite_slave..
  Creating internal representation of mux trees.
  Evaluating internal representation of mux trees.
  Analyzing evaluation results.
Running muxtree optimizer on module \gf_inv_shared..
  Creating internal representation of mux trees.
  Evaluating internal representation of mux trees.
  Analyzing evaluation results.
Running muxtree optimizer on module \key_expand_shared..
  Creating internal representation of mux trees.
  Evaluating internal representation of mux trees.
  Analyzing evaluation results.
Running muxtree optimizer on module \key_expand_step..
  Creating internal representation of mux trees.
  No muxes found in this module.
Running muxtree optimizer on module \mix_columns_shared..
  Creating internal representation of mux trees.
  No muxes found in this module.
Running muxtree optimizer on module \mix_single_column_shared..
  Creating internal representation of mux trees.
  Evaluating internal representation of mux trees.
  Analyzing evaluation results.
Running muxtree optimizer on module \shift_rows_shared..
  Creating internal representation of mux trees.
  Evaluating internal representation of mux trees.
  Analyzing evaluation results.
Running muxtree optimizer on module \sub_bytes_shared..
  Creating internal representation of mux trees.
  No muxes found in this module.
Removed 0 multiplexer ports.
<suppressed ~84 debug messages>

11.11. Executing OPT_REDUCE pass (consolidate $*mux and $reduce_* inputs).
  Optimizing cells in module \aes_core_bidirectional.
  Optimizing cells in module \aes_sbox_shared.
  Optimizing cells in module \aes_soc_top.
  Optimizing cells in module \axi4_lite_slave.
  Optimizing cells in module \gf_inv_shared.
  Optimizing cells in module \key_expand_shared.
  Optimizing cells in module \key_expand_step.
  Optimizing cells in module \mix_columns_shared.
  Optimizing cells in module \mix_single_column_shared.
  Optimizing cells in module \shift_rows_shared.
  Optimizing cells in module \sub_bytes_shared.
Performed a total of 0 changes.

11.12. Executing OPT_MERGE pass (detect identical cells).
Finding identical cells in module `\aes_core_bidirectional'.
Finding identical cells in module `\aes_sbox_shared'.
Finding identical cells in module `\aes_soc_top'.
Finding identical cells in module `\axi4_lite_slave'.
Finding identical cells in module `\gf_inv_shared'.
Finding identical cells in module `\key_expand_shared'.
Finding identical cells in module `\key_expand_step'.
Finding identical cells in module `\mix_columns_shared'.
Finding identical cells in module `\mix_single_column_shared'.
Finding identical cells in module `\shift_rows_shared'.
Finding identical cells in module `\sub_bytes_shared'.
Removed a total of 0 cells.

11.13. Executing OPT_RMDFF pass (remove dff with constant values).

11.14. Executing OPT_CLEAN pass (remove unused cells and wires).
Finding unused cells or wires in module \aes_core_bidirectional..
Finding unused cells or wires in module \aes_sbox_shared..
Finding unused cells or wires in module \aes_soc_top..
Finding unused cells or wires in module \axi4_lite_slave..
Finding unused cells or wires in module \gf_inv_shared..
Finding unused cells or wires in module \key_expand_shared..
Finding unused cells or wires in module \key_expand_step..
Finding unused cells or wires in module \mix_columns_shared..
Finding unused cells or wires in module \mix_single_column_shared..
Finding unused cells or wires in module \shift_rows_shared..
Finding unused cells or wires in module \sub_bytes_shared..

11.15. Executing OPT_EXPR pass (perform const folding).
Optimizing module aes_core_bidirectional.
Optimizing module aes_sbox_shared.
Optimizing module aes_soc_top.
Optimizing module axi4_lite_slave.
Optimizing module gf_inv_shared.
Optimizing module key_expand_shared.
Optimizing module key_expand_step.
Optimizing module mix_columns_shared.
Optimizing module mix_single_column_shared.
Optimizing module shift_rows_shared.
Optimizing module sub_bytes_shared.

11.16. Finished OPT passes. (There is nothing left to do.)

12. Executing FSM pass (extract and optimize FSM).

12.1. Executing FSM_DETECT pass (finding FSMs in design).
Not marking axi4_lite_slave.s_axi_bresp as FSM state register:
    Register is connected to module port.
    Users of register don't seem to benefit from recoding.
Not marking axi4_lite_slave.s_axi_rresp as FSM state register:
    Register is connected to module port.
    Users of register don't seem to benefit from recoding.

12.2. Executing FSM_EXTRACT pass (extracting FSM from design).

12.3. Executing FSM_OPT pass (simple optimizations of FSMs).

12.4. Executing OPT_CLEAN pass (remove unused cells and wires).
Finding unused cells or wires in module \aes_core_bidirectional..
Finding unused cells or wires in module \aes_sbox_shared..
Finding unused cells or wires in module \aes_soc_top..
Finding unused cells or wires in module \axi4_lite_slave..
Finding unused cells or wires in module \gf_inv_shared..
Finding unused cells or wires in module \key_expand_shared..
Finding unused cells or wires in module \key_expand_step..
Finding unused cells or wires in module \mix_columns_shared..
Finding unused cells or wires in module \mix_single_column_shared..
Finding unused cells or wires in module \shift_rows_shared..
Finding unused cells or wires in module \sub_bytes_shared..

12.5. Executing FSM_OPT pass (simple optimizations of FSMs).

12.6. Executing FSM_RECODE pass (re-assigning FSM state encoding).

12.7. Executing FSM_INFO pass (dumping all available information on FSM cells).

12.8. Executing FSM_MAP pass (mapping FSMs to basic logic).

13. Executing OPT pass (performing simple optimizations).

13.1. Executing OPT_EXPR pass (perform const folding).
Optimizing module aes_core_bidirectional.
Optimizing module aes_sbox_shared.
Optimizing module aes_soc_top.
Optimizing module axi4_lite_slave.
Optimizing module gf_inv_shared.
Optimizing module key_expand_shared.
Optimizing module key_expand_step.
Optimizing module mix_columns_shared.
Optimizing module mix_single_column_shared.
Optimizing module shift_rows_shared.
Optimizing module sub_bytes_shared.

13.2. Executing OPT_MERGE pass (detect identical cells).
Finding identical cells in module `\aes_core_bidirectional'.
Finding identical cells in module `\aes_sbox_shared'.
Finding identical cells in module `\aes_soc_top'.
Finding identical cells in module `\axi4_lite_slave'.
Finding identical cells in module `\gf_inv_shared'.
Finding identical cells in module `\key_expand_shared'.
Finding identical cells in module `\key_expand_step'.
Finding identical cells in module `\mix_columns_shared'.
Finding identical cells in module `\mix_single_column_shared'.
Finding identical cells in module `\shift_rows_shared'.
Finding identical cells in module `\sub_bytes_shared'.
Removed a total of 0 cells.

13.3. Executing OPT_MUXTREE pass (detect dead branches in mux trees).
Running muxtree optimizer on module \aes_core_bidirectional..
  Creating internal representation of mux trees.
  Evaluating internal representation of mux trees.
  Analyzing evaluation results.
Running muxtree optimizer on module \aes_sbox_shared..
  Creating internal representation of mux trees.
  Evaluating internal representation of mux trees.
  Analyzing evaluation results.
Running muxtree optimizer on module \aes_soc_top..
  Creating internal representation of mux trees.
  No muxes found in this module.
Running muxtree optimizer on module \axi4_lite_slave..
  Creating internal representation of mux trees.
  Evaluating internal representation of mux trees.
  Analyzing evaluation results.
Running muxtree optimizer on module \gf_inv_shared..
  Creating internal representation of mux trees.
  Evaluating internal representation of mux trees.
  Analyzing evaluation results.
Running muxtree optimizer on module \key_expand_shared..
  Creating internal representation of mux trees.
  Evaluating internal representation of mux trees.
  Analyzing evaluation results.
Running muxtree optimizer on module \key_expand_step..
  Creating internal representation of mux trees.
  No muxes found in this module.
Running muxtree optimizer on module \mix_columns_shared..
  Creating internal representation of mux trees.
  No muxes found in this module.
Running muxtree optimizer on module \mix_single_column_shared..
  Creating internal representation of mux trees.
  Evaluating internal representation of mux trees.
  Analyzing evaluation results.
Running muxtree optimizer on module \shift_rows_shared..
  Creating internal representation of mux trees.
  Evaluating internal representation of mux trees.
  Analyzing evaluation results.
Running muxtree optimizer on module \sub_bytes_shared..
  Creating internal representation of mux trees.
  No muxes found in this module.
Removed 0 multiplexer ports.
<suppressed ~84 debug messages>

13.4. Executing OPT_REDUCE pass (consolidate $*mux and $reduce_* inputs).
  Optimizing cells in module \aes_core_bidirectional.
  Optimizing cells in module \aes_sbox_shared.
  Optimizing cells in module \aes_soc_top.
  Optimizing cells in module \axi4_lite_slave.
  Optimizing cells in module \gf_inv_shared.
  Optimizing cells in module \key_expand_shared.
  Optimizing cells in module \key_expand_step.
  Optimizing cells in module \mix_columns_shared.
  Optimizing cells in module \mix_single_column_shared.
  Optimizing cells in module \shift_rows_shared.
  Optimizing cells in module \sub_bytes_shared.
Performed a total of 0 changes.

13.5. Executing OPT_MERGE pass (detect identical cells).
Finding identical cells in module `\aes_core_bidirectional'.
Finding identical cells in module `\aes_sbox_shared'.
Finding identical cells in module `\aes_soc_top'.
Finding identical cells in module `\axi4_lite_slave'.
Finding identical cells in module `\gf_inv_shared'.
Finding identical cells in module `\key_expand_shared'.
Finding identical cells in module `\key_expand_step'.
Finding identical cells in module `\mix_columns_shared'.
Finding identical cells in module `\mix_single_column_shared'.
Finding identical cells in module `\shift_rows_shared'.
Finding identical cells in module `\sub_bytes_shared'.
Removed a total of 0 cells.

13.6. Executing OPT_RMDFF pass (remove dff with constant values).

13.7. Executing OPT_CLEAN pass (remove unused cells and wires).
Finding unused cells or wires in module \aes_core_bidirectional..
Finding unused cells or wires in module \aes_sbox_shared..
Finding unused cells or wires in module \aes_soc_top..
Finding unused cells or wires in module \axi4_lite_slave..
Finding unused cells or wires in module \gf_inv_shared..
Finding unused cells or wires in module \key_expand_shared..
Finding unused cells or wires in module \key_expand_step..
Finding unused cells or wires in module \mix_columns_shared..
Finding unused cells or wires in module \mix_single_column_shared..
Finding unused cells or wires in module \shift_rows_shared..
Finding unused cells or wires in module \sub_bytes_shared..

13.8. Executing OPT_EXPR pass (perform const folding).
Optimizing module aes_core_bidirectional.
Optimizing module aes_sbox_shared.
Optimizing module aes_soc_top.
Optimizing module axi4_lite_slave.
Optimizing module gf_inv_shared.
Optimizing module key_expand_shared.
Optimizing module key_expand_step.
Optimizing module mix_columns_shared.
Optimizing module mix_single_column_shared.
Optimizing module shift_rows_shared.
Optimizing module sub_bytes_shared.

13.9. Finished OPT passes. (There is nothing left to do.)

14. Executing MEMORY pass.

14.1. Executing MEMORY_DFF pass (merging $dff cells to $memrd and $memwr).

14.2. Executing OPT_CLEAN pass (remove unused cells and wires).
Finding unused cells or wires in module \aes_core_bidirectional..
Finding unused cells or wires in module \aes_sbox_shared..
Finding unused cells or wires in module \aes_soc_top..
Finding unused cells or wires in module \axi4_lite_slave..
Finding unused cells or wires in module \gf_inv_shared..
Finding unused cells or wires in module \key_expand_shared..
Finding unused cells or wires in module \key_expand_step..
Finding unused cells or wires in module \mix_columns_shared..
Finding unused cells or wires in module \mix_single_column_shared..
Finding unused cells or wires in module \shift_rows_shared..
Finding unused cells or wires in module \sub_bytes_shared..

14.3. Executing MEMORY_SHARE pass (consolidating $memrd/$memwr cells).

14.4. Executing OPT_CLEAN pass (remove unused cells and wires).
Finding unused cells or wires in module \aes_core_bidirectional..
Finding unused cells or wires in module \aes_sbox_shared..
Finding unused cells or wires in module \aes_soc_top..
Finding unused cells or wires in module \axi4_lite_slave..
Finding unused cells or wires in module \gf_inv_shared..
Finding unused cells or wires in module \key_expand_shared..
Finding unused cells or wires in module \key_expand_step..
Finding unused cells or wires in module \mix_columns_shared..
Finding unused cells or wires in module \mix_single_column_shared..
Finding unused cells or wires in module \shift_rows_shared..
Finding unused cells or wires in module \sub_bytes_shared..

14.5. Executing MEMORY_COLLECT pass (generating $mem cells).

14.6. Executing MEMORY_MAP pass (converting $mem cells to logic and flip-flops).

15. Executing OPT pass (performing simple optimizations).

15.1. Executing OPT_EXPR pass (perform const folding).
Optimizing module aes_core_bidirectional.
Optimizing module aes_sbox_shared.
Optimizing module aes_soc_top.
Optimizing module axi4_lite_slave.
Optimizing module gf_inv_shared.
Optimizing module key_expand_shared.
Optimizing module key_expand_step.
Optimizing module mix_columns_shared.
Optimizing module mix_single_column_shared.
Optimizing module shift_rows_shared.
Optimizing module sub_bytes_shared.

15.2. Executing OPT_MERGE pass (detect identical cells).
Finding identical cells in module `\aes_core_bidirectional'.
Finding identical cells in module `\aes_sbox_shared'.
Finding identical cells in module `\aes_soc_top'.
Finding identical cells in module `\axi4_lite_slave'.
Finding identical cells in module `\gf_inv_shared'.
Finding identical cells in module `\key_expand_shared'.
Finding identical cells in module `\key_expand_step'.
Finding identical cells in module `\mix_columns_shared'.
Finding identical cells in module `\mix_single_column_shared'.
Finding identical cells in module `\shift_rows_shared'.
Finding identical cells in module `\sub_bytes_shared'.
Removed a total of 0 cells.

15.3. Executing OPT_MUXTREE pass (detect dead branches in mux trees).
Running muxtree optimizer on module \aes_core_bidirectional..
  Creating internal representation of mux trees.
  Evaluating internal representation of mux trees.
  Analyzing evaluation results.
Running muxtree optimizer on module \aes_sbox_shared..
  Creating internal representation of mux trees.
  Evaluating internal representation of mux trees.
  Analyzing evaluation results.
Running muxtree optimizer on module \aes_soc_top..
  Creating internal representation of mux trees.
  No muxes found in this module.
Running muxtree optimizer on module \axi4_lite_slave..
  Creating internal representation of mux trees.
  Evaluating internal representation of mux trees.
  Analyzing evaluation results.
Running muxtree optimizer on module \gf_inv_shared..
  Creating internal representation of mux trees.
  Evaluating internal representation of mux trees.
  Analyzing evaluation results.
Running muxtree optimizer on module \key_expand_shared..
  Creating internal representation of mux trees.
  Evaluating internal representation of mux trees.
  Analyzing evaluation results.
Running muxtree optimizer on module \key_expand_step..
  Creating internal representation of mux trees.
  No muxes found in this module.
Running muxtree optimizer on module \mix_columns_shared..
  Creating internal representation of mux trees.
  No muxes found in this module.
Running muxtree optimizer on module \mix_single_column_shared..
  Creating internal representation of mux trees.
  Evaluating internal representation of mux trees.
  Analyzing evaluation results.
Running muxtree optimizer on module \shift_rows_shared..
  Creating internal representation of mux trees.
  Evaluating internal representation of mux trees.
  Analyzing evaluation results.
Running muxtree optimizer on module \sub_bytes_shared..
  Creating internal representation of mux trees.
  No muxes found in this module.
Removed 0 multiplexer ports.
<suppressed ~84 debug messages>

15.4. Executing OPT_REDUCE pass (consolidate $*mux and $reduce_* inputs).
  Optimizing cells in module \aes_core_bidirectional.
  Optimizing cells in module \aes_sbox_shared.
  Optimizing cells in module \aes_soc_top.
  Optimizing cells in module \axi4_lite_slave.
  Optimizing cells in module \gf_inv_shared.
  Optimizing cells in module \key_expand_shared.
  Optimizing cells in module \key_expand_step.
  Optimizing cells in module \mix_columns_shared.
  Optimizing cells in module \mix_single_column_shared.
  Optimizing cells in module \shift_rows_shared.
  Optimizing cells in module \sub_bytes_shared.
Performed a total of 0 changes.

15.5. Executing OPT_MERGE pass (detect identical cells).
Finding identical cells in module `\aes_core_bidirectional'.
Finding identical cells in module `\aes_sbox_shared'.
Finding identical cells in module `\aes_soc_top'.
Finding identical cells in module `\axi4_lite_slave'.
Finding identical cells in module `\gf_inv_shared'.
Finding identical cells in module `\key_expand_shared'.
Finding identical cells in module `\key_expand_step'.
Finding identical cells in module `\mix_columns_shared'.
Finding identical cells in module `\mix_single_column_shared'.
Finding identical cells in module `\shift_rows_shared'.
Finding identical cells in module `\sub_bytes_shared'.
Removed a total of 0 cells.

15.6. Executing OPT_RMDFF pass (remove dff with constant values).

15.7. Executing OPT_CLEAN pass (remove unused cells and wires).
Finding unused cells or wires in module \aes_core_bidirectional..
Finding unused cells or wires in module \aes_sbox_shared..
Finding unused cells or wires in module \aes_soc_top..
Finding unused cells or wires in module \axi4_lite_slave..
Finding unused cells or wires in module \gf_inv_shared..
Finding unused cells or wires in module \key_expand_shared..
Finding unused cells or wires in module \key_expand_step..
Finding unused cells or wires in module \mix_columns_shared..
Finding unused cells or wires in module \mix_single_column_shared..
Finding unused cells or wires in module \shift_rows_shared..
Finding unused cells or wires in module \sub_bytes_shared..

15.8. Executing OPT_EXPR pass (perform const folding).
Optimizing module aes_core_bidirectional.
Optimizing module aes_sbox_shared.
Optimizing module aes_soc_top.
Optimizing module axi4_lite_slave.
Optimizing module gf_inv_shared.
Optimizing module key_expand_shared.
Optimizing module key_expand_step.
Optimizing module mix_columns_shared.
Optimizing module mix_single_column_shared.
Optimizing module shift_rows_shared.
Optimizing module sub_bytes_shared.

15.9. Finished OPT passes. (There is nothing left to do.)

16. Executing TECHMAP pass (map to technology primitives).

16.1. Executing Verilog-2005 frontend: <techmap.v>
Parsing Verilog input from `<techmap.v>' to AST representation.
Generating RTLIL representation for module `\_90_simplemap_bool_ops'.
Generating RTLIL representation for module `\_90_simplemap_reduce_ops'.
Generating RTLIL representation for module `\_90_simplemap_logic_ops'.
Generating RTLIL representation for module `\_90_simplemap_compare_ops'.
Generating RTLIL representation for module `\_90_simplemap_various'.
Generating RTLIL representation for module `\_90_simplemap_registers'.
Generating RTLIL representation for module `\_90_shift_ops_shr_shl_sshl_sshr'.
Generating RTLIL representation for module `\_90_shift_shiftx'.
Generating RTLIL representation for module `\_90_fa'.
Generating RTLIL representation for module `\_90_lcu'.
Generating RTLIL representation for module `\_90_alu'.
Generating RTLIL representation for module `\_90_macc'.
Generating RTLIL representation for module `\_90_alumacc'.
Generating RTLIL representation for module `\$__div_mod_u'.
Generating RTLIL representation for module `\$__div_mod'.
Generating RTLIL representation for module `\_90_div'.
Generating RTLIL representation for module `\_90_mod'.
Generating RTLIL representation for module `\_90_pow'.
Generating RTLIL representation for module `\_90_pmux'.
Generating RTLIL representation for module `\_90_lut'.
Successfully finished Verilog frontend.

16.2. Continuing TECHMAP pass.
Using extmapper simplemap for cells of type $xor.
Using extmapper simplemap for cells of type $mux.
Using extmapper simplemap for cells of type $eq.
Using template $paramod\_90_pmux\WIDTH=8\S_WIDTH=256 for cells of type $pmux.
Using extmapper simplemap for cells of type $logic_not.
Using extmapper simplemap for cells of type $and.
Using extmapper simplemap for cells of type $reduce_or.
Running "alumacc" on wrapper $extern:wrap:$sub:A_SIGNED=0:A_WIDTH=4:B_SIGNED=0:B_WIDTH=4:Y_WIDTH=4:394426c56d1a028ba8fdd5469b163e04011def47.
Using template $extern:wrap:$sub:A_SIGNED=0:A_WIDTH=4:B_SIGNED=0:B_WIDTH=4:Y_WIDTH=4:394426c56d1a028ba8fdd5469b163e04011def47 for cells of type $extern:wrap:$sub:A_SIGNED=0:A_WIDTH=4:B_SIGNED=0:B_WIDTH=4:Y_WIDTH=4:394426c56d1a028ba8fdd5469b163e04011def47.
Using template $paramod\_90_pmux\WIDTH=128\S_WIDTH=11 for cells of type $pmux.
Using template $paramod\_90_alu\A_SIGNED=0\B_SIGNED=0\A_WIDTH=4\B_WIDTH=4\Y_WIDTH=4 for cells of type $alu.
Using template $paramod\_90_lcu\WIDTH=4 for cells of type $lcu.
Using extmapper simplemap for cells of type $not.
Using extmapper simplemap for cells of type $pos.
Using extmapper simplemap for cells of type $or.
Using extmapper simplemap for cells of type $logic_and.
Running "alumacc" on wrapper $extern:wrap:$lt:A_SIGNED=0:A_WIDTH=4:B_SIGNED=0:B_WIDTH=4:Y_WIDTH=1:394426c56d1a028ba8fdd5469b163e04011def47.
Using template $extern:wrap:$lt:A_SIGNED=0:A_WIDTH=4:B_SIGNED=0:B_WIDTH=4:Y_WIDTH=1:394426c56d1a028ba8fdd5469b163e04011def47 for cells of type $extern:wrap:$lt:A_SIGNED=0:A_WIDTH=4:B_SIGNED=0:B_WIDTH=4:Y_WIDTH=1:394426c56d1a028ba8fdd5469b163e04011def47.
Running "alumacc" on wrapper $extern:wrap:$add:A_SIGNED=0:A_WIDTH=4:B_SIGNED=0:B_WIDTH=4:Y_WIDTH=4:394426c56d1a028ba8fdd5469b163e04011def47.
Using template $extern:wrap:$add:A_SIGNED=0:A_WIDTH=4:B_SIGNED=0:B_WIDTH=4:Y_WIDTH=4:394426c56d1a028ba8fdd5469b163e04011def47 for cells of type $extern:wrap:$add:A_SIGNED=0:A_WIDTH=4:B_SIGNED=0:B_WIDTH=4:Y_WIDTH=4:394426c56d1a028ba8fdd5469b163e04011def47.
Using extmapper simplemap for cells of type $adff.
Using extmapper simplemap for cells of type $logic_or.
Using template $paramod\_90_pmux\WIDTH=32\S_WIDTH=10 for cells of type $pmux.
No more expansions possible.
<suppressed ~1301 debug messages>

17. Executing OPT pass (performing simple optimizations).

17.1. Executing OPT_EXPR pass (perform const folding).
Optimizing module aes_core_bidirectional.
<suppressed ~697 debug messages>
Optimizing module aes_sbox_shared.
Optimizing module aes_soc_top.
Optimizing module axi4_lite_slave.
<suppressed ~447 debug messages>
Optimizing module gf_inv_shared.
<suppressed ~4088 debug messages>
Optimizing module key_expand_shared.
<suppressed ~39 debug messages>
Optimizing module key_expand_step.
<suppressed ~24 debug messages>
Optimizing module mix_columns_shared.
Optimizing module mix_single_column_shared.
<suppressed ~280 debug messages>
Optimizing module shift_rows_shared.
Optimizing module sub_bytes_shared.

17.2. Executing OPT_MERGE pass (detect identical cells).
Finding identical cells in module `\aes_core_bidirectional'.
<suppressed ~6 debug messages>
Finding identical cells in module `\aes_sbox_shared'.
Finding identical cells in module `\aes_soc_top'.
Finding identical cells in module `\axi4_lite_slave'.
<suppressed ~315 debug messages>
Finding identical cells in module `\gf_inv_shared'.
<suppressed ~8535 debug messages>
Finding identical cells in module `\key_expand_shared'.
<suppressed ~84 debug messages>
Finding identical cells in module `\key_expand_step'.
Finding identical cells in module `\mix_columns_shared'.
Finding identical cells in module `\mix_single_column_shared'.
Finding identical cells in module `\shift_rows_shared'.
Finding identical cells in module `\sub_bytes_shared'.
Removed a total of 2980 cells.

17.3. Executing OPT_MUXTREE pass (detect dead branches in mux trees).
Running muxtree optimizer on module \aes_core_bidirectional..
  Creating internal representation of mux trees.
  No muxes found in this module.
Running muxtree optimizer on module \aes_sbox_shared..
  Creating internal representation of mux trees.
  No muxes found in this module.
Running muxtree optimizer on module \aes_soc_top..
  Creating internal representation of mux trees.
  No muxes found in this module.
Running muxtree optimizer on module \axi4_lite_slave..
  Creating internal representation of mux trees.
  No muxes found in this module.
Running muxtree optimizer on module \gf_inv_shared..
  Creating internal representation of mux trees.
  No muxes found in this module.
Running muxtree optimizer on module \key_expand_shared..
  Creating internal representation of mux trees.
  No muxes found in this module.
Running muxtree optimizer on module \key_expand_step..
  Creating internal representation of mux trees.
  No muxes found in this module.
Running muxtree optimizer on module \mix_columns_shared..
  Creating internal representation of mux trees.
  No muxes found in this module.
Running muxtree optimizer on module \mix_single_column_shared..
  Creating internal representation of mux trees.
  No muxes found in this module.
Running muxtree optimizer on module \shift_rows_shared..
  Creating internal representation of mux trees.
  No muxes found in this module.
Running muxtree optimizer on module \sub_bytes_shared..
  Creating internal representation of mux trees.
  No muxes found in this module.
Removed 0 multiplexer ports.

17.4. Executing OPT_REDUCE pass (consolidate $*mux and $reduce_* inputs).
  Optimizing cells in module \aes_core_bidirectional.
  Optimizing cells in module \aes_sbox_shared.
  Optimizing cells in module \aes_soc_top.
  Optimizing cells in module \axi4_lite_slave.
  Optimizing cells in module \gf_inv_shared.
  Optimizing cells in module \key_expand_shared.
  Optimizing cells in module \key_expand_step.
  Optimizing cells in module \mix_columns_shared.
  Optimizing cells in module \mix_single_column_shared.
  Optimizing cells in module \shift_rows_shared.
  Optimizing cells in module \sub_bytes_shared.
Performed a total of 0 changes.

17.5. Executing OPT_MERGE pass (detect identical cells).
Finding identical cells in module `\aes_core_bidirectional'.
Finding identical cells in module `\aes_sbox_shared'.
Finding identical cells in module `\aes_soc_top'.
Finding identical cells in module `\axi4_lite_slave'.
Finding identical cells in module `\gf_inv_shared'.
Finding identical cells in module `\key_expand_shared'.
Finding identical cells in module `\key_expand_step'.
Finding identical cells in module `\mix_columns_shared'.
Finding identical cells in module `\mix_single_column_shared'.
Finding identical cells in module `\shift_rows_shared'.
Finding identical cells in module `\sub_bytes_shared'.
Removed a total of 0 cells.

17.6. Executing OPT_RMDFF pass (remove dff with constant values).

17.7. Executing OPT_CLEAN pass (remove unused cells and wires).
Finding unused cells or wires in module \aes_core_bidirectional..
Finding unused cells or wires in module \aes_sbox_shared..
Finding unused cells or wires in module \aes_soc_top..
Finding unused cells or wires in module \axi4_lite_slave..
Finding unused cells or wires in module \gf_inv_shared..
Finding unused cells or wires in module \key_expand_shared..
Finding unused cells or wires in module \key_expand_step..
Finding unused cells or wires in module \mix_columns_shared..
Finding unused cells or wires in module \mix_single_column_shared..
Finding unused cells or wires in module \shift_rows_shared..
Finding unused cells or wires in module \sub_bytes_shared..
Removed 21 unused cells and 2217 unused wires.
<suppressed ~26 debug messages>

17.8. Executing OPT_EXPR pass (perform const folding).
Optimizing module aes_core_bidirectional.
Optimizing module aes_sbox_shared.
Optimizing module aes_soc_top.
Optimizing module axi4_lite_slave.
Optimizing module gf_inv_shared.
Optimizing module key_expand_shared.
Optimizing module key_expand_step.
Optimizing module mix_columns_shared.
Optimizing module mix_single_column_shared.
Optimizing module shift_rows_shared.
Optimizing module sub_bytes_shared.

17.9. Rerunning OPT passes. (Maybe there is more to do..)

17.10. Executing OPT_MUXTREE pass (detect dead branches in mux trees).
Running muxtree optimizer on module \aes_core_bidirectional..
  Creating internal representation of mux trees.
  No muxes found in this module.
Running muxtree optimizer on module \aes_sbox_shared..
  Creating internal representation of mux trees.
  No muxes found in this module.
Running muxtree optimizer on module \aes_soc_top..
  Creating internal representation of mux trees.
  No muxes found in this module.
Running muxtree optimizer on module \axi4_lite_slave..
  Creating internal representation of mux trees.
  No muxes found in this module.
Running muxtree optimizer on module \gf_inv_shared..
  Creating internal representation of mux trees.
  No muxes found in this module.
Running muxtree optimizer on module \key_expand_shared..
  Creating internal representation of mux trees.
  No muxes found in this module.
Running muxtree optimizer on module \key_expand_step..
  Creating internal representation of mux trees.
  No muxes found in this module.
Running muxtree optimizer on module \mix_columns_shared..
  Creating internal representation of mux trees.
  No muxes found in this module.
Running muxtree optimizer on module \mix_single_column_shared..
  Creating internal representation of mux trees.
  No muxes found in this module.
Running muxtree optimizer on module \shift_rows_shared..
  Creating internal representation of mux trees.
  No muxes found in this module.
Running muxtree optimizer on module \sub_bytes_shared..
  Creating internal representation of mux trees.
  No muxes found in this module.
Removed 0 multiplexer ports.

17.11. Executing OPT_REDUCE pass (consolidate $*mux and $reduce_* inputs).
  Optimizing cells in module \aes_core_bidirectional.
  Optimizing cells in module \aes_sbox_shared.
  Optimizing cells in module \aes_soc_top.
  Optimizing cells in module \axi4_lite_slave.
  Optimizing cells in module \gf_inv_shared.
  Optimizing cells in module \key_expand_shared.
  Optimizing cells in module \key_expand_step.
  Optimizing cells in module \mix_columns_shared.
  Optimizing cells in module \mix_single_column_shared.
  Optimizing cells in module \shift_rows_shared.
  Optimizing cells in module \sub_bytes_shared.
Performed a total of 0 changes.

17.12. Executing OPT_MERGE pass (detect identical cells).
Finding identical cells in module `\aes_core_bidirectional'.
Finding identical cells in module `\aes_sbox_shared'.
Finding identical cells in module `\aes_soc_top'.
Finding identical cells in module `\axi4_lite_slave'.
Finding identical cells in module `\gf_inv_shared'.
Finding identical cells in module `\key_expand_shared'.
Finding identical cells in module `\key_expand_step'.
Finding identical cells in module `\mix_columns_shared'.
Finding identical cells in module `\mix_single_column_shared'.
Finding identical cells in module `\shift_rows_shared'.
Finding identical cells in module `\sub_bytes_shared'.
Removed a total of 0 cells.

17.13. Executing OPT_RMDFF pass (remove dff with constant values).

17.14. Executing OPT_CLEAN pass (remove unused cells and wires).
Finding unused cells or wires in module \aes_core_bidirectional..
Finding unused cells or wires in module \aes_sbox_shared..
Finding unused cells or wires in module \aes_soc_top..
Finding unused cells or wires in module \axi4_lite_slave..
Finding unused cells or wires in module \gf_inv_shared..
Finding unused cells or wires in module \key_expand_shared..
Finding unused cells or wires in module \key_expand_step..
Finding unused cells or wires in module \mix_columns_shared..
Finding unused cells or wires in module \mix_single_column_shared..
Finding unused cells or wires in module \shift_rows_shared..
Finding unused cells or wires in module \sub_bytes_shared..

17.15. Executing OPT_EXPR pass (perform const folding).
Optimizing module aes_core_bidirectional.
Optimizing module aes_sbox_shared.
Optimizing module aes_soc_top.
Optimizing module axi4_lite_slave.
Optimizing module gf_inv_shared.
Optimizing module key_expand_shared.
Optimizing module key_expand_step.
Optimizing module mix_columns_shared.
Optimizing module mix_single_column_shared.
Optimizing module shift_rows_shared.
Optimizing module sub_bytes_shared.

17.16. Finished OPT passes. (There is nothing left to do.)

18. Printing statistics.

=== aes_core_bidirectional ===

   Number of wires:                 76
   Number of wire bits:           3666
   Number of public wires:          30
   Number of public wire bits:    2065
   Number of memories:               0
   Number of memory bits:            0
   Number of processes:              0
   Number of cells:               2632
     $_AND_                          8
     $_DFF_PN0_                    266
     $_MUX_                       1956
     $_NOT_                          1
     $_OR_                           5
     $_XOR_                        392
     key_expand_shared               1
     mix_columns_shared              1
     shift_rows_shared               1
     sub_bytes_shared                1

=== aes_sbox_shared ===

   Number of wires:                 41
   Number of wire bits:             83
   Number of public wires:           7
   Number of public wire bits:      49
   Number of memories:               0
   Number of memory bits:            0
   Number of processes:              0
   Number of cells:                 67
     $_MUX_                         16
     $_XOR_                         50
     gf_inv_shared                   1

=== aes_soc_top ===

   Number of wires:                 39
   Number of wire bits:            512
   Number of public wires:          38
   Number of public wire bits:     511
   Number of memories:               0
   Number of memory bits:            0
   Number of processes:              0
   Number of cells:                  4
     $_AND_                          1
     $_NOT_                          1
     aes_core_bidirectional          1
     axi4_lite_slave                 1

=== axi4_lite_slave ===

   Number of wires:                258
   Number of wire bits:           2385
   Number of public wires:          45
   Number of public wire bits:     828
   Number of memories:               0
   Number of memory bits:            0
   Number of processes:              0
   Number of cells:               1784
     $_AND_                        299
     $_DFF_PN0_                    336
     $_DFF_PN1_                      3
     $_MUX_                        802
     $_NOT_                         11
     $_OR_                         325
     $_XOR_                          8

=== gf_inv_shared ===

   Number of wires:                370
   Number of wire bits:           4738
   Number of public wires:           2
   Number of public wire bits:      16
   Number of memories:               0
   Number of memory bits:            0
   Number of processes:              0
   Number of cells:               1506
     $_MUX_                          8
     $_NOT_                        256
     $_OR_                        1234
     $_XOR_                          8

=== key_expand_shared ===

   Number of wires:                445
   Number of wire bits:           4436
   Number of public wires:          20
   Number of public wire bits:    1677
   Number of memories:               0
   Number of memory bits:            0
   Number of processes:              0
   Number of cells:               3014
     $_AND_                       1410
     $_MUX_                        260
     $_NOT_                         15
     $_OR_                        1309
     $_XOR_                         10
     key_expand_step                10

=== key_expand_step ===

   Number of wires:                 13
   Number of wire bits:            584
   Number of public wires:          12
   Number of public wire bits:     552
   Number of memories:               0
   Number of memory bits:            0
   Number of processes:              0
   Number of cells:                140
     $_XOR_                        136
     aes_sbox_shared                 4

=== mix_columns_shared ===

   Number of wires:                  3
   Number of wire bits:            257
   Number of public wires:           3
   Number of public wire bits:     257
   Number of memories:               0
   Number of memory bits:            0
   Number of processes:              0
   Number of cells:                  4
     mix_single_column_shared        4

=== mix_single_column_shared ===

   Number of wires:                111
   Number of wire bits:            929
   Number of public wires:          15
   Number of public wire bits:     161
   Number of memories:               0
   Number of memory bits:            0
   Number of processes:              0
   Number of cells:                584
     $_MUX_                        116
     $_XOR_                        468

=== shift_rows_shared ===

   Number of wires:                 19
   Number of wire bits:            385
   Number of public wires:          19
   Number of public wire bits:     385
   Number of memories:               0
   Number of memory bits:            0
   Number of processes:              0
   Number of cells:                 64
     $_MUX_                         64

=== sub_bytes_shared ===

   Number of wires:                  3
   Number of wire bits:            257
   Number of public wires:           3
   Number of public wire bits:     257
   Number of memories:               0
   Number of memory bits:            0
   Number of processes:              0
   Number of cells:                 16
     aes_sbox_shared                16

=== design hierarchy ===

   aes_soc_top                       1
     aes_core_bidirectional          1
       key_expand_shared             1
         key_expand_step            10
           aes_sbox_shared           4
             gf_inv_shared           1
       mix_columns_shared            1
         mix_single_column_shared      4
       shift_rows_shared             1
       sub_bytes_shared              1
         aes_sbox_shared            16
           gf_inv_shared             1
     axi4_lite_slave                 1

   Number of wires:              24433
   Number of wire bits:         291430
   Number of public wires:         842
   Number of public wire bits:   15784
   Number of memories:               0
   Number of memory bits:            0
   Number of processes:              0
   Number of cells:              99210
     $_AND_                       1718
     $_DFF_PN0_                    602
     $_DFF_PN1_                      3
     $_MUX_                       4890
     $_NOT_                      14364
     $_OR_                       70743
     $_XOR_                       6890

19. Executing Verilog backend.
Dumping module `\aes_core_bidirectional'.
Dumping module `\aes_sbox_shared'.
Dumping module `\aes_soc_top'.
Dumping module `\axi4_lite_slave'.
Dumping module `\gf_inv_shared'.
Dumping module `\key_expand_shared'.
Dumping module `\key_expand_step'.
Dumping module `\mix_columns_shared'.
Dumping module `\mix_single_column_shared'.
Dumping module `\shift_rows_shared'.
Dumping module `\sub_bytes_shared'.

Warnings: 1 unique messages, 1 total
End of script. Logfile hash: eea565780f
CPU: user 5.56s system 0.04s, MEM: 56.21 MB total, 48.71 MB resident
Yosys 0.9 (git sha1 1979e0b)
Time spent: 19% 11x opt_merge (1 sec), 18% 11x opt_expr (0 sec), ...
